matrix_generated_at,task_id,acceptance_unit_id,canonical_acceptance_unit_id,independent_unit_contribution,gpu_review_path,npu_progress_path,contract_name,stage,manifest_status,review_status,denominator_eligible,variant_count,verified_variant_count,pending_variant_count,coverage_status,community_test_count,reference_backend,reference_status,required_npu_backend,observed_npu_backend,npu_execution_status,npu_correctness_status,comparison_verdict,repair_status,community_alignment_status,community_alignment_source,community_aligned_scope,community_divergent_scope,community_open_scope,community_alignment_disposition,performance_status,performance_verdict,current_phase,updated_at,manifest_path,npu_result_path,comparison_result_path,performance_evidence_path
2026-09-15T17:20:20+08:00,T-076,AU-post-grad-mm-plus-mm,AU-post-grad-mm-plus-mm,1,,,两个矩阵乘结果相加的 post-grad 匹配与可选融合合同,post_grad,t076-functional-comparison-and-performance-disposition-complete,frozen,yes-frozen,3,3,0,fully-covered,1,inductor-default,frozen-reference-valid,triton_experimental,triton_experimental,passed,passed,BEHAVIOR_UNCHANGED,not-needed,PENDING_REVIEW,legacy-missing-explicit,,,历史结果缺少显式社区对齐范围，需在后续再认证时补录,保留原功能/性能结论，但不得据此外推为完全社区对齐,measured,representative-beneficial-with-neutral-layouts,functional-comparison-closed,2026-09-03T01:07:00+08:00,upstream/manifest.yaml,results/current/REF-mm-plus-mm-native/npu_result.json,results/current/REF-mm-plus-mm-native/comparison_result.json,results/current/T-076/performance_summary.json
2026-09-15T17:20:20+08:00,T-076,AU-pad-mm-mm,AU-pad-mm-mm,1,,,二维 mm 的 shape-padding、slice 与输出合同,joint_graph,t076-functional-comparison-and-performance-disposition-complete,frozen,yes-frozen,4,4,0,fully-covered,4,inductor-default,frozen-reference-valid,triton_experimental,triton_experimental,passed,passed,EXPECTED_PRODUCT_DIVERGENCE,not-needed,PENDING_REVIEW,legacy-missing-explicit,,,历史结果缺少显式社区对齐范围，需在后续再认证时补录,保留原功能/性能结论，但不得据此外推为完全社区对齐,not-required-explicitly-disabled,product-disabled-performance-exempt,functional-comparison-closed,2026-09-03T01:07:00+08:00,upstream/manifest.yaml,results/current/AU-pad-mm-mm/npu_result.json,results/current/AU-pad-mm-mm/comparison_result.json,results/current/T-076/performance_summary.json
2026-09-15T17:20:20+08:00,T-076,AU-pad-mm-bmm,AU-pad-mm-bmm,1,,,批量 bmm 的 shape-padding、slice 与 dtype/梯度合同,joint_graph,t076-functional-comparison-and-performance-disposition-complete,frozen,yes-frozen,4,4,0,fully-covered,3,inductor-default,frozen-reference-valid,triton_experimental,triton_experimental,passed,passed,EXPECTED_PRODUCT_DIVERGENCE,not-needed,PENDING_REVIEW,legacy-missing-explicit,,,历史结果缺少显式社区对齐范围，需在后续再认证时补录,保留原功能/性能结论，但不得据此外推为完全社区对齐,not-required-explicitly-disabled,product-disabled-performance-exempt,functional-comparison-closed,2026-09-03T01:07:00+08:00,upstream/manifest.yaml,results/current/AU-pad-mm-bmm/npu_result.json,results/current/AU-pad-mm-bmm/comparison_result.json,results/current/T-076/performance_summary.json
2026-09-15T17:20:20+08:00,T-076,AU-pad-mm-addmm,AU-pad-mm-addmm,1,,,addmm 的 shape-padding、bias broadcast 与 beta/alpha guard 合同,joint_graph,t076-functional-comparison-and-performance-disposition-complete,frozen,yes-frozen,5,5,0,fully-covered,3,inductor-default,frozen-reference-valid,triton_experimental,triton_experimental,passed,passed,EXPECTED_PRODUCT_DIVERGENCE,not-needed,PENDING_REVIEW,legacy-missing-explicit,,,历史结果缺少显式社区对齐范围，需在后续再认证时补录,保留原功能/性能结论，但不得据此外推为完全社区对齐,not-required-explicitly-disabled,product-disabled-performance-exempt,functional-comparison-closed,2026-09-03T01:07:00+08:00,upstream/manifest.yaml,results/current/AU-pad-mm-addmm/npu_result.json,results/current/AU-pad-mm-addmm/comparison_result.json,results/current/T-076/performance_summary.json
2026-09-15T17:20:20+08:00,T-076,AU-post-grad-addmm,AU-post-grad-addmm,1,,,add+mm 与 mm+add 重写为 aten.addmm 的 post-grad 合同,post_grad,t076-functional-comparison-and-performance-disposition-complete,frozen,yes-frozen,4,4,0,fully-covered,2,inductor-default,frozen-reference-valid,triton_experimental,triton_experimental,failed,passed,EXPECTED_PRODUCT_DIVERGENCE,not-needed,PENDING_REVIEW,legacy-missing-explicit,,,历史结果缺少显式社区对齐范围，需在后续再认证时补录,保留原功能/性能结论，但不得据此外推为完全社区对齐,measured,beneficial-with-host-tail-monitor,functional-comparison-closed,2026-09-03T01:07:00+08:00,upstream/manifest.yaml,results/current/AU-post-grad-addmm/npu_result.json,results/current/AU-post-grad-addmm/comparison_result.json,results/current/T-076/performance_summary.json
2026-09-15T17:20:20+08:00,T-077,AU-apply-gumbel-max-trick,AU-apply-gumbel-max-trick,1,,,softmax-div-exponential-argmax 到 Gumbel-max 等价采样的 pre-grad 重写合同,pre_grad,t077-functional-comparison-and-performance-disposition-complete-with-verified-repair,frozen-reference-valid,yes-frozen,1,1,0,fully-covered,1,inductor-default,valid-reference-suite,triton_experimental,triton_experimental,passed,passed,PERF_IMPROVED,not-needed,PENDING_REVIEW,legacy-missing-explicit,,,历史结果缺少显式社区对齐范围，需在后续再认证时补录,保留原功能/性能结论，但不得据此外推为完全社区对齐,passed,PERF_IMPROVED,functional-comparison-closed,2026-09-03T07:30:00+08:00,upstream/t077_manifest.yaml,results/current/AU-apply-gumbel-max-trick/npu_result.json,results/current/AU-apply-gumbel-max-trick/comparison_result.json,results/current/T-077/performance_summary.json
2026-09-15T17:20:20+08:00,T-077,AU-b2b-gemm,AU-b2b-gemm,1,,,两级矩阵乘及中间 pointwise 子图的 B2B GEMM 选择合同,post_grad,t077-functional-comparison-and-performance-disposition-complete-with-verified-repair,frozen-reference-valid,yes-frozen,6,6,0,fully-covered,6,inductor-default,valid-reference-suite,triton_experimental,triton_experimental,passed,passed,EXPECTED_PRODUCT_DIVERGENCE,not-needed,PENDING_REVIEW,legacy-missing-explicit,,,历史结果缺少显式社区对齐范围，需在后续再认证时补录,保留原功能/性能结论，但不得据此外推为完全社区对齐,capability-assessed-no-effective-template,CAPABILITY_REJECTED_NO_EFFECTIVE_TEMPLATE,functional-comparison-closed,2026-09-03T07:30:00+08:00,upstream/t077_manifest.yaml,results/current/AU-b2b-gemm/npu_result.json,results/current/AU-b2b-gemm/comparison_result.json,results/current/T-077/performance_summary.json
2026-09-15T17:20:20+08:00,T-077,AU-decompose-mem-bound-mm-decompose-bmm,AU-decompose-mem-bound-mm-decompose-bmm,1,,,大 batch 小矩阵 BMM 的 memory-bound pointwise 分解合同,post_grad,t077-functional-comparison-and-performance-disposition-complete-with-verified-repair,frozen-reference-valid,yes-frozen,3,3,0,fully-covered,1,inductor-default,valid-reference-suite,triton_experimental,triton_experimental,passed,passed,EXPECTED_PRODUCT_DIVERGENCE,not-needed,PENDING_REVIEW,legacy-missing-explicit,,,历史结果缺少显式社区对齐范围，需在后续再认证时补录,保留原功能/性能结论，但不得据此外推为完全社区对齐,measured-candidate-rejected,PERF_REGRESSED,functional-comparison-closed,2026-09-03T07:30:00+08:00,upstream/t077_manifest.yaml,results/current/AU-decompose-mem-bound-mm-decompose-bmm/npu_result.json,results/current/AU-decompose-mem-bound-mm-decompose-bmm/comparison_result.json,results/current/T-077/performance_summary.json
2026-09-15T17:20:20+08:00,T-077,AU-decompose-mem-bound-mm-decompose-mm,AU-decompose-mem-bound-mm-decompose-mm,1,,,大 M 小 K/N 矩阵乘的 memory-bound pointwise 分解合同,post_grad,t077-functional-comparison-and-performance-disposition-complete-with-verified-repair,frozen-reference-valid,yes-frozen,6,6,0,fully-covered,2,inductor-default,valid-reference-suite,triton_experimental,triton_experimental,passed,passed,NPU_REGRESSION,verified,PENDING_REVIEW,legacy-missing-explicit,,,历史结果缺少显式社区对齐范围，需在后续再认证时补录,保留原功能/性能结论，但不得据此外推为完全社区对齐,measured-candidate-rejected,PERF_REGRESSED,functional-comparison-closed,2026-09-03T07:30:00+08:00,upstream/t077_manifest.yaml,results/current/AU-decompose-mem-bound-mm-decompose-mm/npu_result.json,results/current/AU-decompose-mem-bound-mm-decompose-mm/comparison_result.json,results/current/T-077/performance_summary.json
2026-09-15T17:20:20+08:00,T-077,AU-decompose-mem-bound-mm-decompose-addmm,AU-decompose-mem-bound-mm-decompose-addmm,1,,,动态大 M、小 K/N addmm 的 memory-bound pointwise 分解合同,post_grad,t077-functional-comparison-and-performance-disposition-complete-with-verified-repair,frozen-reference-valid,yes-frozen,1,1,0,fully-covered,1,inductor-default,valid-reference-suite,triton_experimental,triton_experimental,passed,passed,EXPECTED_PRODUCT_DIVERGENCE,not-needed,PENDING_REVIEW,legacy-missing-explicit,,,历史结果缺少显式社区对齐范围，需在后续再认证时补录,保留原功能/性能结论，但不得据此外推为完全社区对齐,measured-candidate-rejected,PERF_REGRESSED,functional-comparison-closed,2026-09-03T07:30:00+08:00,upstream/t077_manifest.yaml,results/current/AU-decompose-mem-bound-mm-decompose-addmm/npu_result.json,results/current/AU-decompose-mem-bound-mm-decompose-addmm/comparison_result.json,results/current/T-077/performance_summary.json
2026-09-15T17:20:20+08:00,T-078,AU-post-grad-fuse-addcdiv-to-fma,AU-post-grad-fuse-addcdiv-to-fma,1,,,div+mul+add子图重新融合为addcdiv并按NPU dtype语义生成精确lowering的合同；value=1仅作不命中的bitwise邻接,post_grad,t078-recorded-contracts-complete-partial-community-alignment,frozen,yes-frozen,6,6,0,fully-covered,2,inductor-default,valid-reference-suite,triton_experimental,triton_experimental,passed,passed,PERF_NEUTRAL,verified,PARTIAL_ALIGNED,explicit,FP32 value=1 的社区结构合同在 GPU/NPU 均为不命中 FMA pattern，counter=0，且已验证 compiled/eager 正确性；value!=1 的 FP32/BF16 在 GPU/NPU 均命中 addcdiv 重融合，并保持同设备 eager 语义；FP16 value=1 GPU 派生原例已补齐，GPU/NPU 各自 compiled/eager 位级一致，FX 均为 div+add，目标 counter=0；NPU 证据来自 2026-09-09 修复运行，本轮未重跑,value!=1 时 GPU FP16 使用 div_rn+FMA，NPU FP16 显式保留除法与乘法后的 FP16 舍入、不生成 div_rn/FMA；value=1 时 NPU 仍需显式 quotient 舍入，而本次 GPU 生成代码无该边界。两端分别对齐各自 eager，不承诺跨设备逐位相等。,,保留经过位级验证的 NPU 专属 FP16 value!=1 addcdiv lowering；value=1 通过 NPU FP16 aten.div.Tensor 舍入边界修复，保持 counter=0 且不伪造 FMA pattern 命中。,measured-retained,PERF_NEUTRAL,functional-comparison-closed,2026-09-14T22:09:00+08:00,upstream/t078_manifest.yaml,results/current/AU-post-grad-fuse-addcdiv-to-fma/npu_result.json,results/current/AU-post-grad-fuse-addcdiv-to-fma/comparison_result.json,results/current/T-078/performance_summary.json
2026-09-15T17:20:20+08:00,T-078,AU-post-grad-reuse-partial,AU-post-grad-reuse-partial,1,,,大输入 partial reduction 复用于 full reduction 的 post-grad 合同,post_grad,t078-recorded-contracts-complete-partial-community-alignment,frozen,yes-frozen,5,5,0,fully-covered,2,inductor-default,valid-reference-suite,triton_experimental,triton_experimental,passed,passed,PERF_MIXED,verified,PENDING_REVIEW,legacy-missing-explicit,,,历史结果缺少显式社区对齐范围，需在后续再认证时补录,保留原功能/性能结论，但不得据此外推为完全社区对齐,measured-retained-shape-dependent,PERF_MIXED,functional-comparison-closed,2026-09-14T22:09:00+08:00,upstream/t078_manifest.yaml,results/current/AU-post-grad-reuse-partial/npu_result.json,results/current/AU-post-grad-reuse-partial/comparison_result.json,results/current/T-078/performance_summary.json
2026-09-15T17:20:20+08:00,T-078,AU-post-grad-unfuse-bias-add-to-pointwise,AU-post-grad-unfuse-bias-add-to-pointwise,1,,,有 pointwise 消费者时将 bias addmm 拆为 mm 与 pointwise bias 的合同,post_grad,t078-recorded-contracts-complete-partial-community-alignment,frozen,yes-frozen,8,8,0,fully-covered,6,inductor-default,valid-reference-suite,triton_experimental,triton_experimental,passed,passed,EXPECTED_PRODUCT_DIVERGENCE,verified,PENDING_REVIEW,legacy-missing-explicit,,,历史结果缺少显式社区对齐范围，需在后续再认证时补录,保留原功能/性能结论，但不得据此外推为完全社区对齐,measured-candidate-rejected-explicitly-disabled,PERF_REGRESSED,functional-comparison-closed,2026-09-14T22:09:00+08:00,upstream/t078_manifest.yaml,results/current/AU-post-grad-unfuse-bias-add-to-pointwise/npu_result.json,results/current/AU-post-grad-unfuse-bias-add-to-pointwise/comparison_result.json,results/current/T-078/performance_summary.json
2026-09-15T17:20:20+08:00,T-078,AU-post-grad-unfuse-bias-baddbmm-to-pointwise,AU-post-grad-unfuse-bias-baddbmm-to-pointwise,1,,,有 pointwise 消费者时将 broadcast-bias baddbmm 拆为 bmm 与 pointwise bias 的合同,post_grad,t078-recorded-contracts-complete-partial-community-alignment,frozen,yes-frozen,4,4,0,fully-covered,2,inductor-default,valid-reference-suite,triton_experimental,triton_experimental,passed,passed,PERF_MIXED,verified,PENDING_REVIEW,legacy-missing-explicit,,,历史结果缺少显式社区对齐范围，需在后续再认证时补录,保留原功能/性能结论，但不得据此外推为完全社区对齐,measured-selective-product-gate,PERF_MIXED,functional-comparison-closed,2026-09-14T22:09:00+08:00,upstream/t078_manifest.yaml,results/current/AU-post-grad-unfuse-bias-baddbmm-to-pointwise/npu_result.json,results/current/AU-post-grad-unfuse-bias-baddbmm-to-pointwise/comparison_result.json,results/current/T-078/performance_summary.json
2026-09-15T17:20:20+08:00,T-079,AU-joint-graph-bmm-to-mm,AU-joint-graph-bmm-to-mm,1,,,batch size 为 1 时把 bmm 降为 squeeze-mm-unsqueeze 的合同,joint_graph,t079-formally-closed,formally-closed,yes-frozen,2,2,0,fully-covered,1,inductor-default,valid-reference-suite,triton_experimental,triton_experimental,passed,passed,EXPECTED_PRODUCT_DIVERGENCE,verified,PENDING_REVIEW,legacy-missing-explicit,,,历史结果缺少显式社区对齐范围，需在后续再认证时补录,保留原功能/性能结论，但不得据此外推为完全社区对齐,measured-regressed-product-disabled,PERF_REGRESSED,functional-comparison-closed,2026-09-07T18:52:00+08:00,upstream/t079_manifest.yaml,results/current/AU-joint-graph-bmm-to-mm/npu_result.json,results/current/AU-joint-graph-bmm-to-mm/comparison_result.json,results/current/T-079/performance_summary.json
2026-09-15T17:20:20+08:00,T-079,AU-post-grad-cat-slice-cat,AU-post-grad-cat-slice-cat,1,,,复用首个 cat 输入把 cat→slice→cat 折为单次 cat 的 lowering 合同,post_grad,t079-formally-closed,formally-closed,yes-frozen,3,3,0,fully-covered,1,inductor-default,valid-reference-suite,triton_experimental,triton_experimental,passed,passed,PERF_IMPROVED,not-needed,PENDING_REVIEW,legacy-missing-explicit,,,历史结果缺少显式社区对齐范围，需在后续再认证时补录,保留原功能/性能结论，但不得据此外推为完全社区对齐,measured-improved-retained,PERF_IMPROVED,functional-comparison-closed,2026-09-07T18:52:00+08:00,upstream/t079_manifest.yaml,results/current/AU-post-grad-cat-slice-cat/npu_result.json,results/current/AU-post-grad-cat-slice-cat/comparison_result.json,results/current/T-079/performance_summary.json
2026-09-15T17:20:20+08:00,T-079,AU-post-grad-splitwithsizes-cat-replace,AU-post-grad-splitwithsizes-cat-replace,1,,,完整且同序的 split_with_sizes→getitem→cat 消除为原输入的合同,post_grad,t079-formally-closed,formally-closed,yes-frozen,4,4,0,fully-covered,1,inductor-default,valid-reference-suite,triton_experimental,triton_experimental,passed,passed,PERF_IMPROVED,not-needed,PENDING_REVIEW,legacy-missing-explicit,,,历史结果缺少显式社区对齐范围，需在后续再认证时补录,保留原功能/性能结论，但不得据此外推为完全社区对齐,measured-improved-retained,PERF_IMPROVED,functional-comparison-closed,2026-09-07T18:52:00+08:00,upstream/t079_manifest.yaml,results/current/AU-post-grad-splitwithsizes-cat-replace/npu_result.json,results/current/AU-post-grad-splitwithsizes-cat-replace/comparison_result.json,results/current/T-079/performance_summary.json
2026-09-15T17:20:20+08:00,T-079,AU-post-grad-cat-splitwithsizes-replace,AU-post-grad-cat-splitwithsizes-replace,1,,,cat 后按原输入边界 split_with_sizes 时消除 cat/split 的合同,post_grad,t079-formally-closed,formally-closed,yes-frozen,5,5,0,fully-covered,1,inductor-default,valid-reference-suite,triton_experimental,triton_experimental,passed,passed,PERF_IMPROVED,not-needed,PENDING_REVIEW,legacy-missing-explicit,,,历史结果缺少显式社区对齐范围，需在后续再认证时补录,保留原功能/性能结论，但不得据此外推为完全社区对齐,measured-improved-retained,PERF_IMPROVED,functional-comparison-closed,2026-09-07T18:52:00+08:00,upstream/t079_manifest.yaml,results/current/AU-post-grad-cat-splitwithsizes-replace/npu_result.json,results/current/AU-post-grad-cat-splitwithsizes-replace/comparison_result.json,results/current/T-079/performance_summary.json
2026-09-15T17:20:20+08:00,T-080,AU-joint-graph-scatter-upon-const-tensor,AU-joint-graph-scatter-upon-const-tensor,1,,,把常量 full 上的稀疏 scalar scatter 改写为 pointwise where 的合同,joint_graph,t080-gpu-npu-comparison-performance-and-product-gate-closed,formally-closed-product-gated-after-perf-regression,yes-frozen,8,8,0,fully-covered,8,inductor-default,valid-reference-suite,triton_experimental,triton_experimental,passed,passed,EXPECTED_PRODUCT_DIVERGENCE,verified,PENDING_REVIEW,legacy-missing-explicit,,,历史结果缺少显式社区对齐范围，需在后续再认证时补录,保留原功能/性能结论，但不得据此外推为完全社区对齐,measured-regressed-product-disabled,PERF_REGRESSED,functional-comparison-closed,2026-09-07T20:41:00+08:00,upstream/t080_manifest.yaml,results/current/AU-joint-graph-scatter-upon-const-tensor/npu_result.json,results/current/AU-joint-graph-scatter-upon-const-tensor/comparison_result.json,results/current/T-080/performance_summary.json
2026-09-15T17:20:20+08:00,T-080,AU-post-grad-prepare-softmax,AU-post-grad-prepare-softmax,1,,,把 max/sub/exp/sum softmax 前处理改写为 online-softmax primitive 的合同,post_grad,t080-gpu-npu-comparison-performance-and-product-gate-closed,formally-closed-explicit-product-lowering-disable,yes-frozen,3,3,0,fully-covered,3,inductor-default,valid-reference-suite,triton_experimental,triton_experimental,passed,passed,EXPECTED_PRODUCT_DIVERGENCE,not-needed,PENDING_REVIEW,legacy-missing-explicit,,,历史结果缺少显式社区对齐范围，需在后续再认证时补录,保留原功能/性能结论，但不得据此外推为完全社区对齐,exempt-explicit-product-lowering-disable,PERF_EXEMPT,functional-comparison-closed,2026-09-07T20:41:00+08:00,upstream/t080_manifest.yaml,results/current/AU-post-grad-prepare-softmax/npu_result.json,results/current/AU-post-grad-prepare-softmax/comparison_result.json,results/current/T-080/performance_summary.json
2026-09-15T17:20:20+08:00,T-080,AU-post-grad-move-constructors-to-gpu,AU-post-grad-move-constructors-to-gpu,1,,,安全时把 CPU 中间构造器移动到加速器并保留不可移动依赖的合同,post_grad,t080-gpu-npu-comparison-performance-and-product-gate-closed,formally-closed-performance-neutral,yes-frozen,2,2,0,fully-covered,2,inductor-default,valid-reference-suite,triton_experimental,triton_experimental,passed,passed,PERF_NEUTRAL,not-needed,PENDING_REVIEW,legacy-missing-explicit,,,历史结果缺少显式社区对齐范围，需在后续再认证时补录,保留原功能/性能结论，但不得据此外推为完全社区对齐,measured-neutral-retain-enabled,PERF_NEUTRAL,functional-comparison-closed,2026-09-07T20:41:00+08:00,upstream/t080_manifest.yaml,results/current/AU-post-grad-move-constructors-to-gpu/npu_result.json,results/current/AU-post-grad-move-constructors-to-gpu/comparison_result.json,results/current/T-080/performance_summary.json
2026-09-15T17:20:20+08:00,T-081,AU-joint-graph-constant-fold-uniform-value,AU-joint-graph-constant-fold-uniform-value,1,,,动态形状均匀常量折叠与自指形状保护,joint_graph,gpu-npu-functional-comparison-and-performance-disposition-complete,closed-gpu-npu-performance-reviewed,yes-frozen,4,4,0,fully-covered,2,inductor-default,valid-reference-suite,triton_experimental,triton_experimental,passed,passed,BEHAVIOR_UNCHANGED,not-needed,PENDING_REVIEW,legacy-missing-explicit,,,历史结果缺少显式社区对齐范围，需在后续再认证时补录,保留原功能/性能结论，但不得据此外推为完全社区对齐,measured-improved,PERF_IMPROVED,functional-comparison-closed,2026-09-08T03:12:20.732994+08:00,upstream/t081_manifest.yaml,results/current/T-081/functional/constant-fold-on.json,results/current/T-081/functional/constant-fold-on.json,results/current/T-081/performance_summary.json
2026-09-15T17:20:20+08:00,T-081,AU-joint-graph-pointless-convert,AU-joint-graph-pointless-convert,1,,,无损浮点转换链消除与舍入保护,joint_graph,gpu-npu-functional-comparison-and-performance-disposition-complete,closed-gpu-npu-performance-reviewed,yes-frozen,6,6,0,fully-covered,1,inductor-default,valid-reference-suite,triton_experimental,triton_experimental,passed,passed,BEHAVIOR_UNCHANGED,not-needed,PENDING_REVIEW,legacy-missing-explicit,,,历史结果缺少显式社区对齐范围，需在后续再认证时补录,保留原功能/性能结论，但不得据此外推为完全社区对齐,measured-neutral,PERF_NEUTRAL,functional-comparison-closed,2026-09-08T03:12:20.732994+08:00,upstream/t081_manifest.yaml,results/current/T-081/functional/convert-on.json,results/current/T-081/functional/convert-on.json,results/current/T-081/performance_summary.json
2026-09-15T17:20:20+08:00,T-082,AU-joint-graph-pointless-permute-pair,AU-joint-graph-pointless-permute-pair,1,,,互逆permute消除与中间用户保护,joint_graph,gpu-npu-functional-comparison-and-performance-disposition-complete,closed-gpu-npu-performance-reviewed,yes-frozen,4,4,0,fully-covered,2,inductor-default,valid-reference-suite,triton_experimental,triton_experimental,passed,passed,BEHAVIOR_UNCHANGED,not-needed,PENDING_REVIEW,legacy-missing-explicit,,,历史结果缺少显式社区对齐范围，需在后续再认证时补录,保留原功能/性能结论，但不得据此外推为完全社区对齐,measured-neutral,PERF_NEUTRAL,functional-comparison-closed,2026-09-08T03:12:20.793441+08:00,upstream/t082_manifest.yaml,results/current/T-082/functional/permute-on.json,results/current/T-082/functional/permute-on.json,results/current/T-082/performance_summary.json
2026-09-15T17:20:20+08:00,T-082,AU-joint-graph-pointless-view-pair,AU-joint-graph-pointless-view-pair,1,,,互逆view消除、-1与unbacked动态形状,joint_graph,gpu-npu-functional-comparison-and-performance-disposition-complete,closed-gpu-npu-performance-reviewed,yes-frozen,4,4,0,fully-covered,2,inductor-default,valid-reference-suite,triton_experimental,triton_experimental,passed,passed,BEHAVIOR_UNCHANGED,not-needed,PENDING_REVIEW,legacy-missing-explicit,,,历史结果缺少显式社区对齐范围，需在后续再认证时补录,保留原功能/性能结论，但不得据此外推为完全社区对齐,measured-neutral,PERF_NEUTRAL,functional-comparison-closed,2026-09-08T03:12:20.793441+08:00,upstream/t082_manifest.yaml,results/current/T-082/functional/view-on.json,results/current/T-082/functional/view-on.json,results/current/T-082/performance_summary.json
2026-09-15T17:20:20+08:00,T-083,AU-post-grad-bucket-all-gathers,AU-post-grad-bucket-all-gathers,1,,,post-grad独立all-gather分桶及依赖保护,post_grad,gpu-npu-functional-comparison-and-performance-disposition-complete,closed-gpu-npu-performance-reviewed,yes-frozen,2,2,0,fully-covered,2,inductor-default,valid-reference-suite,triton_experimental,triton_experimental,passed,passed,BEHAVIOR_UNCHANGED,not-needed,PENDING_REVIEW,legacy-missing-explicit,,,历史结果缺少显式社区对齐范围，需在后续再认证时补录,保留原功能/性能结论，但不得据此外推为完全社区对齐,measured-regressed,PERF_REGRESSED,functional-comparison-closed,2026-09-08T03:12:20.868003+08:00,upstream/t083_manifest.yaml,results/current/T-083/functional/all-gather-on.json,results/current/T-083/functional/all-gather-on.json,results/current/T-083/performance_summary.json
2026-09-15T17:20:20+08:00,T-083,AU-post-grad-bucket-all-reduce,AU-post-grad-bucket-all-reduce,1,,,post-grad独立all-reduce分桶,post_grad,gpu-npu-functional-comparison-and-performance-disposition-complete,closed-gpu-npu-performance-reviewed,yes-frozen,1,1,0,fully-covered,1,inductor-default,valid-reference-suite,triton_experimental,triton_experimental,passed,passed,BEHAVIOR_UNCHANGED,not-needed,PENDING_REVIEW,legacy-missing-explicit,,,历史结果缺少显式社区对齐范围，需在后续再认证时补录,保留原功能/性能结论，但不得据此外推为完全社区对齐,measured-improved,PERF_IMPROVED,functional-comparison-closed,2026-09-08T03:12:20.868003+08:00,upstream/t083_manifest.yaml,results/current/T-083/functional/all-reduce-on.json,results/current/T-083/functional/all-reduce-on.json,results/current/T-083/performance_summary.json
2026-09-15T17:20:20+08:00,T-083,AU-post-grad-bucket-reduce-scatters,AU-post-grad-bucket-reduce-scatters,1,,,post-grad reduce-scatter分桶与输出cast,post_grad,gpu-npu-functional-comparison-and-performance-disposition-complete,closed-gpu-npu-performance-reviewed,yes-frozen,3,3,0,fully-covered,1,inductor-default,valid-reference-suite,triton_experimental,triton_experimental,passed,passed,BEHAVIOR_UNCHANGED,not-needed,PENDING_REVIEW,legacy-missing-explicit,,,历史结果缺少显式社区对齐范围，需在后续再认证时补录,保留原功能/性能结论，但不得据此外推为完全社区对齐,measured-mixed,PERF_MIXED,functional-comparison-closed,2026-09-08T03:12:20.868003+08:00,upstream/t083_manifest.yaml,results/current/T-083/functional/reduce-scatter-on.json,results/current/T-083/functional/reduce-scatter-on.json,results/current/T-083/performance_summary.json
2026-09-15T17:20:20+08:00,T-084,AU-post-grad-dedup-reduce-scatters,AU-post-grad-dedup-reduce-scatters,1,,,post-grad线性reduce-scatter去重,post_grad,formally-closed,formally-closed,yes-frozen,1,1,0,fully-covered,1,inductor-default,valid-reference-suite,triton_experimental,triton_experimental,passed,passed,BEHAVIOR_UNCHANGED,not-needed,ALIGNED_WITH_ADAPTER,explicit,线性avg reduce-scatter从2次收敛为1次；两rank数值正确,,GPU原生reference为单rank，NPU补充为真实两rankHCCL,设备/进程组作最小适配；合同与社区一致，性能只按NPU两rank实测判定。,measured-improved,PERF_IMPROVED,formally-closed,2026-09-10T07:33:34+08:00,upstream/t084_manifest.yaml,results/current/T-084/functional/dedup-reduce-scatter.json,results/current/T-084/functional/dedup-reduce-scatter.json,results/current/T-084/performance_summary.json
2026-09-15T17:20:20+08:00,T-085,AU-post-grad-overlap-scheduling-device-put-sync,AU-post-grad-overlap-scheduling-device-put-sync,1,,,overlap scheduling将异步device_put改为同步以阻止脏读,post_grad,formally-closed,formally-closed-performance-mixed,yes-frozen,2,2,0,fully-covered,1,inductor-default,valid-reference-suite,triton_experimental,triton_experimental,passed,passed,BEHAVIOR_UNCHANGED,not-needed,ALIGNED_WITH_ADAPTER,explicit,异步device_put转同步；真实两rank数值与collective顺序,,NPU分析估时使用显式NPU带宽，社区CUDA路径运行时探测CUDA带宽,保留社区安全改写；带宽来源是后端最小适配，不把高方差数据写成收益。,measured-mixed-high-variance,PERF_MIXED,formally-closed,2026-09-10T07:33:34+08:00,upstream/t085_manifest.yaml,results/current/T-085/functional/overlap-device-put.json,results/current/T-085/functional/overlap-device-put.json,results/current/T-085/performance_summary.json
2026-09-15T17:20:20+08:00,T-085,AU-post-grad-partitioned-scatter-optimization,AU-post-grad-partitioned-scatter-optimization,1,,,高争用index_put累加分区化并受正确性、启发式和显存门禁约束,post_grad,formally-closed,formally-closed-performance-regressed-default-off,yes-frozen,3,3,0,fully-covered,3,inductor-default,valid-reference-suite,triton_experimental,triton_experimental,passed,passed,BEHAVIOR_UNCHANGED,not-needed,PARTIALLY_ALIGNED,explicit,三个高争用scatter改写；accumulate=False负例；社区benchmark输入合同,社区默认只为HIP开启，NPU能力验证需独立启用；NPU六臂性能回退,,能力路径正确但不改变默认关闭；NPU显存探针替换CUDA专用探针。,measured-regressed,PERF_REGRESSED,formally-closed,2026-09-10T07:33:34+08:00,upstream/t085_manifest.yaml,results/current/T-085/functional/partitioned-scatter.json,results/current/T-085/functional/partitioned-scatter.json,results/current/T-085/performance_summary.json
2026-09-15T17:20:20+08:00,T-085,AU-post-grad-pointless-cumsum,AU-post-grad-pointless-cumsum,1,,,常量full的cumsum替换为arange乘常量并保持dtype语义,post_grad,formally-closed,formally-closed-performance-regressed-product-gated,yes-frozen,3,3,0,fully-covered,1,inductor-default,valid-reference-suite,triton_experimental,triton_experimental,passed,passed,BEHAVIOR_UNCHANGED,not-needed,PARTIALLY_ALIGNED,explicit,开启候选时命中full+cumsum并保持数值/dtype,NPU性能显著回退，因此产品默认关闭；CUDA社区仍允许命中,,保留上游CPU/CUDA行为，仅在triton_experimental NPU通过可逆gate关闭。,measured-regressed,PERF_REGRESSED,formally-closed,2026-09-10T07:33:34+08:00,upstream/t085_manifest.yaml,results/current/T-085/functional/pointless-cumsum.json,results/current/T-085/functional/pointless-cumsum.json,results/current/T-085/performance_summary.json
2026-09-15T17:20:20+08:00,T-086,AU-post-grad-reinplace-inplaceable-ops,AU-post-grad-reinplace-inplaceable-ops,1,,,post-grad可安全index_put重入原位与活跃输入保护,post_grad,formally-closed,formally-closed-performance-mixed,yes-frozen,2,2,0,fully-covered,2,inductor-default,valid-reference-suite,triton_experimental,triton_experimental,passed,passed,BEHAVIOR_UNCHANGED,not-needed,ALIGNED_WITH_BACKEND_LOWERING_DIFFERENCE,explicit,dead input改为index_put_；live input负例保持functional；mutation/alias正确,NPU index_put_最终走已注册extern lowering，并非Triton融合scatter核,尾延迟仍需更大模型复核,保留功能改写；性能结论为混合，不外推稳定收益。,measured-mixed,PERF_MIXED,formally-closed,2026-09-10T07:33:34+08:00,upstream/t086_manifest.yaml,results/current/T-086/functional/reinplace-index-put.json,results/current/T-086/functional/reinplace-index-put.json,results/current/T-086/performance_summary.json
2026-09-15T17:20:20+08:00,T-087,AU-post-grad-reorder-for-locality,AU-post-grad-reorder-for-locality,1,results/current/T-087/gpu_reference_review.json,,训练图局部性重排及双层开关保护,post_grad,completed,frozen,yes-frozen,2,2,0,fully-covered,2,inductor-default,valid-reference-frozen,triton_experimental,triton_experimental,passed,passed,BEHAVIOR_UNCHANGED,not-needed,ALIGNED_WITH_BACKEND_LOWERING_DIFFERENCE,explicit,冻结社区输入、数值与正负例目标合同,训练matmul_backward保留图内NPU extern，CUDA反向分解不同,没有声称模型级端到端收益,只适配测试设备入口；保留 NPU 原生 pass 与数值实现。,measured,PERF_MIXED,formally-closed,2026-09-11T18:20:16.690981+08:00,upstream/t087_manifest.yaml,results/current/T-087/functional/reorder-locality.json,results/current/T-087/functional/reorder-locality.json,results/current/T-087/performance_summary.json
2026-09-15T17:20:20+08:00,T-087,AU-post-grad-respecialize-current-device,AU-post-grad-respecialize-current-device,1,results/current/T-087/gpu_reference_review.json,,compile-on-one-rank当前设备节点再特化,post_grad,completed,frozen,yes-frozen,1,1,0,fully-covered,1,inductor-default,valid-reference-frozen,triton_experimental,triton_experimental,passed,passed,NEWLY_SUPPORTED,installed-fix-verified-not-upstream-merged,FULL_ALIGNED,explicit,冻结单设备原合同：真实编译/数值与无固化设备编号；两设备代码一致性与普通编译及非法wrapper拒绝近邻,,未验证多rank通信和跨卡kernel handle复用；不计入当前单设备合同,原安装态失败已修复并回归；仅Pass环境部署，未社区合入,exempt-no-legal-off-path,PERF_EXEMPT,formally-closed,2026-09-11T18:20:16.690981+08:00,upstream/t087_manifest.yaml,results/current/T-087/functional/respecialize-current-device.json,results/current/T-087/functional/respecialize-current-device.json,results/current/T-087/performance_summary.json
2026-09-15T17:20:20+08:00,T-088,AU-split-cat-merge-select-cat-aten,AU-split-cat-merge-select-cat-aten,1,results/current/T-088/gpu_reference_review.json,,连续select与cat合并为view,post_grad,completed,frozen,yes-frozen,1,1,0,fully-covered,1,inductor-default,valid-reference-frozen,triton_experimental,triton_experimental,passed,passed,BEHAVIOR_UNCHANGED,not-needed,ALIGNED_WITH_BACKEND_LOWERING_DIFFERENCE,explicit,冻结社区输入、数值与正负例目标合同,cat使用后端显式注册的NPU extern lowering；不声称生成CUDA相同kernel,没有声称模型级端到端收益,只适配测试设备入口；保留 NPU 原生 pass 与数值实现。,measured,PERF_IMPROVED,formally-closed,2026-09-11T15:25:08.180422+08:00,upstream/t088_manifest.yaml,results/current/T-088/functional/select-cat-aten.json,results/current/T-088/functional/select-cat-aten.json,results/current/T-088/performance_summary.json
2026-09-15T17:20:20+08:00,T-088,AU-split-cat-merge-split-cat-aten,AU-split-cat-merge-split-cat-aten,1,results/current/T-088/gpu_reference_review.json,,split连续片段与cat收束,post_grad,completed,frozen,yes-frozen,2,2,0,fully-covered,2,inductor-default,valid-reference-frozen,triton_experimental,triton_experimental,passed,passed,BEHAVIOR_UNCHANGED,not-needed,ALIGNED_WITH_BACKEND_LOWERING_DIFFERENCE,explicit,冻结社区输入、数值与正负例目标合同,cat使用后端显式注册的NPU extern lowering；不声称生成CUDA相同kernel,没有声称模型级端到端收益,只适配测试设备入口；保留 NPU 原生 pass 与数值实现。,measured,PERF_IMPROVED,formally-closed,2026-09-11T15:25:08.180422+08:00,upstream/t088_manifest.yaml,results/current/T-088/functional/split-cat-aten.json,results/current/T-088/functional/split-cat-aten.json,results/current/T-088/performance_summary.json
2026-09-15T17:20:20+08:00,T-089,AU-split-cat-move-view-after-cat,AU-split-cat-move-view-after-cat,1,results/current/T-089/gpu_reference_review.json,,把逐片view移到cat之后,post_grad,completed,frozen,yes-frozen,1,1,0,fully-covered,1,inductor-default,valid-reference-frozen,triton_experimental,triton_experimental,passed,passed,BEHAVIOR_UNCHANGED,not-needed,ALIGNED_WITH_BACKEND_LOWERING_DIFFERENCE,explicit,冻结社区输入、数值与正负例目标合同,cat使用后端显式注册的NPU extern lowering；不声称生成CUDA相同kernel,没有声称模型级端到端收益,只适配测试设备入口；保留 NPU 原生 pass 与数值实现。,measured,PERF_IMPROVED,formally-closed,2026-09-11T15:25:08.180422+08:00,upstream/t089_manifest.yaml,results/current/T-089/functional/move-view-after-cat.json,results/current/T-089/functional/move-view-after-cat.json,results/current/T-089/performance_summary.json
2026-09-15T17:20:20+08:00,T-090,AU-split-cat-normalize-cat-default-aten,AU-split-cat-normalize-cat-default-aten,1,results/current/T-090/gpu_reference_review.json,,aten.cat参数规范化,post_grad,completed,frozen,yes-frozen,1,1,0,fully-covered,1,inductor-default,valid-reference-frozen,triton_experimental,triton_experimental,passed,passed,BEHAVIOR_UNCHANGED,not-needed,ALIGNED_WITH_BACKEND_LOWERING_DIFFERENCE,explicit,冻结社区输入、数值与正负例目标合同,cat使用后端显式注册的NPU extern lowering；不声称生成CUDA相同kernel,没有声称模型级端到端收益,只适配测试设备入口；保留 NPU 原生 pass 与数值实现。,measured,PERF_NEUTRAL,formally-closed,2026-09-11T15:25:08.180422+08:00,upstream/t090_manifest.yaml,results/current/T-090/functional/normalize-cat-aten.json,results/current/T-090/functional/normalize-cat-aten.json,results/current/T-090/performance_summary.json
2026-09-15T17:20:20+08:00,T-091,AU-split-cat-normalize-stack-default,AU-split-cat-normalize-stack-default,1,results/current/T-091/gpu_reference_review.json,,stack调用规范化与重建（axis在捕获阶段已转为dim）,pre_grad,completed,frozen,yes-frozen,1,1,0,fully-covered,1,inductor-default,valid-reference-frozen,triton_experimental,triton_experimental,passed,passed,BEHAVIOR_UNCHANGED,not-needed,FULL_ALIGNED,explicit,原社区测例的输入、数值与精确目标改写合同,,社区未覆盖的其他shape/dtype不外推,保留当前产品配置；性能只解释本社区派生子图,measured,PERF_MIXED,formally-closed,2026-09-14T21:07:22.072710+08:00,upstream/t091_manifest.yaml,results/current/T-091/functional/stack-normalization.json,results/current/T-091/functional/stack-normalization.json,results/current/T-091/performance_summary.json
2026-09-15T17:20:20+08:00,T-096,AU-misc-patterns-e8m0-rceil-log2,AU-misc-patterns-e8m0-rceil-log2,1,results/current/T-096/gpu_reference_review.json,,pre-SM100 E8M0 log2-ceil精确位运算替换,post_grad,completed,frozen,yes-frozen,3,3,0,fully-covered,3,inductor-default,valid-reference-frozen,triton_experimental,triton_experimental,passed,passed,NEWLY_SUPPORTED,installed-fix-verified-not-upstream-merged,PARTIAL_ALIGNED,explicit,A100 reference对应三个原社区FP32合同全部通过；正正规数的指数/尾数算法与社区pre-SM100对齐,NPU增加subnormal/负值/NaN边界保护，未声称对应CUDA已实测；dtype-view与右移保留图内NPU extern，不同于CUDA融合kernel,新增边界的GPU邻接对照尚无；不增加冻结分母；FP16/BF16保持原不命中保护，不代表这两种dtype全范围精度支持,保留数学oracle和已测NPU特殊值行为；原三例已修复，额外边界明确标为NPU派生扩展,measured,PERF_REGRESSED,formally-closed,2026-09-11T18:40:09.323215+08:00,upstream/t096_manifest.yaml,results/current/T-096/functional/e8m0-rceil-log2.json,results/current/T-096/functional/e8m0-rceil-log2.json,results/current/T-096/performance_summary.json
2026-09-15T17:20:20+08:00,T-098,AU-efficient-conv-bn-eval-efficient-conv-bn-eval-graph-transform-inlined,AU-efficient-conv-bn-eval-efficient-conv-bn-eval-graph-transform-inlined,1,results/current/T-098/gpu_reference_review.json,results/current/T-098/npu_stage_reviews.json,Conv-BN eval在权重侧重参数化（inlined/decomposed合并合同）,pre_grad,prepared-awaiting-gpu-reference,prepared-awaiting-gpu-reference,yes-provisional,3,3,0,base-contract-not-yet-closed,1,inductor-default,gpu-contract-reviewed-awaiting-npu,triton_experimental,triton_experimental,failed,首四个Linear组合通过；首个FP32 Conv1d前向378/6016元素超过原容差，单精度模式完整112组合未完成,not-run,test-precision-mode-adaptation-pending,NOT_ALIGNED_REPAIR_REQUIRED,explicit-stage-review,,目标改写后默认HF32不满足紧容差；三种子已确认eager折叠和compiled均受HF32影响，不是仅Triton错编,历史结果缺少显式社区对齐范围，需在后续再认证时补录,用显式HF32=False对应社区TF32-OFF意图，复验完整原方法；保留默认失败，不放宽容差，不称默认产品已修复,prepared-awaiting-functional-gate,planned,npu-regression-open,2026-09-14T21:15:00+08:00,upstream/t098_manifest.yaml,,,upstream/t098_performance_plan.yaml
2026-09-15T17:20:20+08:00,T-100,AU-binary-folding-folded-op,AU-binary-folding-folded-op,1,results/current/T-100/gpu_reference_review.json,,冻结期Linear后常量二元运算折入权重/偏置,freezing,completed,frozen,yes-frozen,2,2,0,fully-covered,1,inductor-default,valid-reference-frozen,triton_experimental,triton_experimental,passed,passed,BEHAVIOR_UNCHANGED,not-needed,FULL_ALIGNED,explicit,原社区测例的输入、数值与精确目标改写合同,,社区未覆盖的其他shape/dtype不外推,保留当前产品配置；性能只解释本社区派生子图,measured,PERF_IMPROVED,formally-closed,2026-09-14T21:18:00+08:00,upstream/t100_manifest.yaml,results/current/T-100/functional/linear-binary-folding.json,results/current/T-100/functional/linear-binary-folding.json,results/current/T-100/performance_summary.json
2026-09-15T17:20:20+08:00,T-102,AU-fuse-attention-sfdp-pattern-1,AU-fuse-attention-sfdp-pattern-1,1,results/current/T-102/gpu_reference_review.json,results/current/T-102/npu_stage_reviews.json,SDPA pattern 1：QK转置→除以缩放→softmax→V,joint_graph,prepared-awaiting-gpu-reference,prepared-awaiting-gpu-reference,yes-provisional,1,1,0,base-contract-not-yet-closed,1,inductor-default,gpu-contract-reviewed-awaiting-npu,triton_experimental,triton_experimental,failed,安装态初始FP32推理输出通过，训练首次target断言失败；隔离候选完整原方法20次输出/梯度比较通过,not-run,isolated-candidate-verified-not-deployed,NOT_ALIGNED_REPAIR_REQUIRED,explicit-stage-review,,NPU训练matmul_backward与softmax backward mul/sub形态不符合预生成训练注册；安装态不能命中完整原合同,GPU预期：CUDA应命中该编号pattern，并生成scaled-dot-product attention等价实现；NPU待验证：必须在triton_experimental真机确认精确编号、数值和无fallback后才能定论,独立候选回归与产品注册入口评审；不改现有精度保护，不把候选当安装态PASS,prepared-awaiting-functional-gate,planned,npu-candidate-verified-awaiting-product-review,2026-09-14T20:52:00+08:00,upstream/t102_manifest.yaml,,,upstream/t102_performance_plan.yaml
2026-09-15T17:20:20+08:00,T-102,AU-fuse-attention-sfdp-pattern-2,AU-fuse-attention-sfdp-pattern-2,1,results/current/T-102/gpu_reference_review.json,results/current/T-102/npu_stage_reviews.json,SDPA pattern 2：QK转置→乘缩放→softmax→V,joint_graph,prepared-awaiting-gpu-reference,prepared-awaiting-gpu-reference,yes-provisional,1,1,0,base-contract-not-yet-closed,1,inductor-default,gpu-contract-reviewed-awaiting-npu,triton_experimental,triton_experimental,failed,安装态仍保留训练失败；隔离候选原方法 tests=1/skip=0，FP32/FP16推理训练10次Tensor比较、4次本编号改写通过,not-run,isolated-candidate-verified-not-deployed,NOT_ALIGNED_REPAIR_REQUIRED,explicit-stage-review,,数值、精确目标及训练/推理范围以本例原断言和实际观测为准；不由总counter推导完整对齐。,GPU预期：CUDA应命中该编号pattern，并生成scaled-dot-product attention等价实现；NPU待验证：必须在triton_experimental真机确认精确编号、数值和无fallback后才能定论,完成产品入口和负例/邻接边界评审，再按授权部署并无候选复验；不得签发安装态性能门禁。,prepared-awaiting-functional-gate,planned,npu-candidate-verified-awaiting-product-review,2026-09-14T22:13:25.129100+08:00,upstream/t102_manifest.yaml,,,upstream/t102_performance_plan.yaml
2026-09-15T17:20:20+08:00,T-102,AU-fuse-attention-sfdp-pattern-3,AU-fuse-attention-sfdp-pattern-3,1,results/current/T-102/gpu_reference_review.json,results/current/T-102/npu_stage_reviews.json,SDPA pattern 3：除法缩放attention并带dropout,joint_graph,prepared-awaiting-gpu-reference,prepared-awaiting-gpu-reference,yes-provisional,1,1,0,base-contract-not-yet-closed,1,inductor-default,gpu-contract-reviewed-awaiting-npu,triton_experimental,triton_experimental,failed,原方法 tests=1/skip=0；已通过Tensor比较=0；本编号精确改写=0；原合同未通过；后续分支不计覆盖；没有数值比较证据，不计精度PASS,not-run,baseline-failed-diagnosis-pending,NOT_ALIGNED_REPAIR_REQUIRED,explicit-stage-review,,数值、精确目标及训练/推理范围以本例原断言和实际观测为准；不由总counter推导完整对齐。,GPU预期：CUDA应命中该编号pattern，并生成scaled-dot-product attention等价实现；NPU待验证：必须在triton_experimental真机确认精确编号、数值和无fallback后才能定论,人工检查各分支FX/IR/codegen及原断言范围；失败先定位首处分歧，不自动套用pattern 1候选；通过后另建合法性能门禁。,prepared-awaiting-functional-gate,planned,npu-regression-open,2026-09-14T22:15:03.737344+08:00,upstream/t102_manifest.yaml,,,upstream/t102_performance_plan.yaml
2026-09-15T17:20:20+08:00,T-102,AU-fuse-attention-sfdp-pattern-4,AU-fuse-attention-sfdp-pattern-4,1,results/current/T-102/gpu_reference_review.json,results/current/T-102/npu_stage_reviews.json,SDPA pattern 4：乘法缩放attention并带dropout,joint_graph,prepared-awaiting-gpu-reference,prepared-awaiting-gpu-reference,yes-provisional,1,1,0,base-contract-not-yet-closed,1,inductor-default,gpu-contract-reviewed-awaiting-npu,triton_experimental,triton_experimental,failed,原方法 tests=1/skip=0；已通过Tensor比较=0；本编号精确改写=0；原合同未通过；后续分支不计覆盖；没有数值比较证据，不计精度PASS,not-run,baseline-failed-diagnosis-pending,NOT_ALIGNED_REPAIR_REQUIRED,explicit-stage-review,,数值、精确目标及训练/推理范围以本例原断言和实际观测为准；不由总counter推导完整对齐。,GPU预期：CUDA应命中该编号pattern，并生成scaled-dot-product attention等价实现；NPU待验证：必须在triton_experimental真机确认精确编号、数值和无fallback后才能定论,人工检查各分支FX/IR/codegen及原断言范围；失败先定位首处分歧，不自动套用pattern 1候选；通过后另建合法性能门禁。,prepared-awaiting-functional-gate,planned,npu-regression-open,2026-09-14T22:16:14.414569+08:00,upstream/t102_manifest.yaml,,,upstream/t102_performance_plan.yaml
2026-09-15T17:20:20+08:00,T-102,AU-fuse-attention-sfdp-pattern-5,AU-fuse-attention-sfdp-pattern-5,1,results/current/T-102/gpu_reference_review.json,results/current/T-102/npu_stage_reviews.json,SDPA pattern 5：带attention mask的除法缩放,joint_graph,prepared-awaiting-gpu-reference,prepared-awaiting-gpu-reference,yes-provisional,1,1,0,base-contract-not-yet-closed,1,inductor-default,gpu-contract-reviewed-awaiting-npu,triton_experimental,triton_experimental,failed,原方法 tests=1/skip=0；已通过Tensor比较=1；本编号精确改写=1；原合同未通过；后续分支不计覆盖,not-run,baseline-failed-diagnosis-pending,NOT_ALIGNED_REPAIR_REQUIRED,explicit-stage-review,,数值、精确目标及训练/推理范围以本例原断言和实际观测为准；不由总counter推导完整对齐。,GPU预期：CUDA应命中该编号pattern，并生成scaled-dot-product attention等价实现；NPU待验证：必须在triton_experimental真机确认精确编号、数值和无fallback后才能定论,人工检查各分支FX/IR/codegen及原断言范围；失败先定位首处分歧，不自动套用pattern 1候选；通过后另建合法性能门禁。,prepared-awaiting-functional-gate,planned,npu-regression-open,2026-09-14T22:18:34.195323+08:00,upstream/t102_manifest.yaml,,,upstream/t102_performance_plan.yaml
2026-09-15T17:20:20+08:00,T-103,AU-fuse-attention-sfdp-pattern-6,AU-fuse-attention-sfdp-pattern-6,1,results/current/T-103/gpu_reference_review.json,results/current/T-103/npu_stage_reviews.json,SDPA pattern 6：带mask和dropout的除法缩放,joint_graph,prepared-awaiting-gpu-reference,prepared-awaiting-gpu-reference,yes-provisional,1,1,0,base-contract-not-yet-closed,1,inductor-default,gpu-contract-reviewed-awaiting-npu,triton_experimental,triton_experimental,failed,原方法 tests=1/skip=0；已通过Tensor比较=0；本编号精确改写=0；原合同未通过；后续分支不计覆盖；没有数值比较证据，不计精度PASS,not-run,baseline-failed-diagnosis-pending,NOT_ALIGNED_REPAIR_REQUIRED,explicit-stage-review,,数值、精确目标及训练/推理范围以本例原断言和实际观测为准；不由总counter推导完整对齐。,GPU预期：CUDA应命中该编号pattern，并生成scaled-dot-product attention等价实现；NPU待验证：必须在triton_experimental真机确认精确编号、数值和无fallback后才能定论,人工检查各分支FX/IR/codegen及原断言范围；失败先定位首处分歧，不自动套用pattern 1候选；通过后另建合法性能门禁。,prepared-awaiting-functional-gate,planned,npu-regression-open,2026-09-14T22:20:50.606752+08:00,upstream/t103_manifest.yaml,,,upstream/t103_performance_plan.yaml
2026-09-15T17:20:20+08:00,T-103,AU-fuse-attention-sfdp-pattern-7,AU-fuse-attention-sfdp-pattern-7,1,results/current/T-103/gpu_reference_review.json,results/current/T-103/npu_stage_reviews.json,SDPA pattern 7：QKV先permute且softmax上采样FP32,joint_graph,prepared-awaiting-gpu-reference,prepared-awaiting-gpu-reference,yes-provisional,1,1,0,base-contract-not-yet-closed,1,inductor-default,gpu-contract-reviewed-awaiting-npu,triton_experimental,triton_experimental,failed,原方法 tests=1/skip=0；已通过Tensor比较=1；本编号精确改写=1；原合同未通过；后续分支不计覆盖,not-run,baseline-failed-diagnosis-pending,NOT_ALIGNED_REPAIR_REQUIRED,explicit-stage-review,,数值、精确目标及训练/推理范围以本例原断言和实际观测为准；不由总counter推导完整对齐。,GPU预期：CUDA应命中该编号pattern，并生成scaled-dot-product attention等价实现；NPU待验证：必须在triton_experimental真机确认精确编号、数值和无fallback后才能定论,人工检查各分支FX/IR/codegen及原断言范围；失败先定位首处分歧，不自动套用pattern 1候选；通过后另建合法性能门禁。,prepared-awaiting-functional-gate,planned,npu-regression-open,2026-09-14T22:22:19.355356+08:00,upstream/t103_manifest.yaml,,,upstream/t103_performance_plan.yaml
2026-09-15T17:20:20+08:00,T-103,AU-fuse-attention-sfdp-pattern-8,AU-fuse-attention-sfdp-pattern-8,1,results/current/T-103/gpu_reference_review.json,results/current/T-103/npu_stage_reviews.json,SDPA pattern 8：pattern 7的无dropout形式,joint_graph,prepared-awaiting-gpu-reference,prepared-awaiting-gpu-reference,yes-provisional,1,1,0,base-contract-not-yet-closed,1,inductor-default,gpu-contract-reviewed-awaiting-npu,triton_experimental,triton_experimental,failed,原方法 tests=1/skip=0；已通过Tensor比较=1；本编号精确改写=0；原合同未通过；后续分支不计覆盖,not-run,baseline-failed-diagnosis-pending,NOT_ALIGNED_REPAIR_REQUIRED,explicit-stage-review,,数值、精确目标及训练/推理范围以本例原断言和实际观测为准；不由总counter推导完整对齐。,GPU预期：CUDA应命中该编号pattern，并生成scaled-dot-product attention等价实现；NPU待验证：必须在triton_experimental真机确认精确编号、数值和无fallback后才能定论,人工检查各分支FX/IR/codegen及原断言范围；失败先定位首处分歧，不自动套用pattern 1候选；通过后另建合法性能门禁。,prepared-awaiting-functional-gate,planned,npu-regression-open,2026-09-14T22:23:40.221476+08:00,upstream/t103_manifest.yaml,,,upstream/t103_performance_plan.yaml
2026-09-15T17:20:20+08:00,T-103,AU-fuse-attention-sfdp-pattern-9,AU-fuse-attention-sfdp-pattern-9,1,results/current/T-103/gpu_reference_review.json,results/current/T-103/npu_stage_reviews.json,SDPA pattern 9：先缩放Q、再matmul并带dropout,joint_graph,prepared-awaiting-gpu-reference,prepared-awaiting-gpu-reference,yes-provisional,1,1,0,base-contract-not-yet-closed,1,inductor-default,gpu-contract-reviewed-awaiting-npu,triton_experimental,triton_experimental,failed,原方法 tests=1/skip=0；已通过Tensor比较=1；本编号精确改写=1；原合同未通过；后续分支不计覆盖,not-run,baseline-failed-diagnosis-pending,NOT_ALIGNED_REPAIR_REQUIRED,explicit-stage-review,,数值、精确目标及训练/推理范围以本例原断言和实际观测为准；不由总counter推导完整对齐。,GPU预期：CUDA应命中该编号pattern，并生成scaled-dot-product attention等价实现；NPU待验证：必须在triton_experimental真机确认精确编号、数值和无fallback后才能定论,人工检查各分支FX/IR/codegen及原断言范围；失败先定位首处分歧，不自动套用pattern 1候选；通过后另建合法性能门禁。,prepared-awaiting-functional-gate,planned,npu-regression-open,2026-09-14T22:25:08.397075+08:00,upstream/t103_manifest.yaml,,,upstream/t103_performance_plan.yaml
2026-09-15T17:20:20+08:00,T-103,AU-fuse-attention-sfdp-pattern-10,AU-fuse-attention-sfdp-pattern-10,1,results/current/T-103/gpu_reference_review.json,results/current/T-103/npu_stage_reviews.json,SDPA pattern 10：pattern 9的无dropout形式,joint_graph,prepared-awaiting-gpu-reference,prepared-awaiting-gpu-reference,yes-provisional,1,1,0,base-contract-not-yet-closed,1,inductor-default,gpu-contract-reviewed-awaiting-npu,triton_experimental,triton_experimental,failed,原方法 tests=1/skip=0；已通过Tensor比较=1；本编号精确改写=0；原合同未通过；后续分支不计覆盖,not-run,baseline-failed-diagnosis-pending,NOT_ALIGNED_REPAIR_REQUIRED,explicit-stage-review,,数值、精确目标及训练/推理范围以本例原断言和实际观测为准；不由总counter推导完整对齐。,GPU预期：CUDA应命中该编号pattern，并生成scaled-dot-product attention等价实现；NPU待验证：必须在triton_experimental真机确认精确编号、数值和无fallback后才能定论,人工检查各分支FX/IR/codegen及原断言范围；失败先定位首处分歧，不自动套用pattern 1候选；通过后另建合法性能门禁。,prepared-awaiting-functional-gate,planned,npu-regression-open,2026-09-14T22:26:26.671960+08:00,upstream/t103_manifest.yaml,,,upstream/t103_performance_plan.yaml
2026-09-15T17:20:20+08:00,T-104,AU-fuse-attention-sfdp-pattern-11,AU-fuse-attention-sfdp-pattern-11,1,results/current/T-104/gpu_reference_review.json,results/current/T-104/npu_stage_reviews.json,SDPA pattern 11：HuggingFace式QKV permute attention,joint_graph,partially-completed,prepared-awaiting-gpu-reference,yes-provisional,1,1,0,base-contract-not-yet-closed,1,inductor-default,gpu-contract-reviewed-awaiting-npu,triton_experimental,triton_experimental,failed,原方法 tests=1/skip=0；已通过Tensor比较=1；本编号精确改写=1；原合同未通过；后续分支不计覆盖,not-run,baseline-failed-diagnosis-pending,NOT_ALIGNED_REPAIR_REQUIRED,explicit-stage-review,,数值、精确目标及训练/推理范围以本例原断言和实际观测为准；不由总counter推导完整对齐。,GPU预期：CUDA应命中该编号pattern，并生成scaled-dot-product attention等价实现；NPU待验证：必须在triton_experimental真机确认精确编号、数值和无fallback后才能定论,人工检查各分支FX/IR/codegen及原断言范围；失败先定位首处分歧，不自动套用pattern 1候选；通过后另建合法性能门禁。,prepared-awaiting-functional-gate,planned,npu-regression-open,2026-09-14T23:16:45.585012+08:00,upstream/t104_manifest.yaml,,,upstream/t104_performance_plan.yaml
2026-09-15T17:20:20+08:00,T-104,AU-fuse-attention-sfdp-pattern-12,AU-fuse-attention-sfdp-pattern-12,1,results/current/T-104/gpu_reference_review.json,results/current/T-104/npu_stage_reviews.json,SDPA pattern 12：HuggingFace式permute并带dropout,joint_graph,partially-completed,prepared-awaiting-gpu-reference,yes-provisional,1,1,0,base-contract-not-yet-closed,1,inductor-default,gpu-contract-reviewed-awaiting-npu,triton_experimental,triton_experimental,failed,原方法 tests=1/skip=0；已通过Tensor比较=0；本编号精确改写=0；原合同未通过；后续分支不计覆盖；没有数值比较证据，不计精度PASS,not-run,baseline-failed-diagnosis-pending,NOT_ALIGNED_REPAIR_REQUIRED,explicit-stage-review,,数值、精确目标及训练/推理范围以本例原断言和实际观测为准；不由总counter推导完整对齐。,GPU预期：CUDA应命中该编号pattern，并生成scaled-dot-product attention等价实现；NPU待验证：必须在triton_experimental真机确认精确编号、数值和无fallback后才能定论,人工检查各分支FX/IR/codegen及原断言范围；失败先定位首处分歧，不自动套用pattern 1候选；通过后另建合法性能门禁。,prepared-awaiting-functional-gate,planned,npu-regression-open,2026-09-14T23:16:45.585012+08:00,upstream/t104_manifest.yaml,,,upstream/t104_performance_plan.yaml
2026-09-15T17:20:20+08:00,T-104,AU-fuse-attention-sfdp-pattern-13,AU-fuse-attention-sfdp-pattern-13,1,results/current/T-104/gpu_reference_review.json,,SDPA pattern 13：三维bmm attention,joint_graph,partially-completed,frozen,yes-frozen,1,1,0,fully-covered,1,inductor-default,valid-reference-frozen,triton_experimental,triton_experimental,passed,passed,BEHAVIOR_UNCHANGED,not-needed-product-unchanged,FULL_ALIGNED,explicit,原社区方法完整执行；记录1个Tensor比较；独立微图数值和精确OFF/ON通过,,未覆盖的dtype/形状/梯度不外推,保留当前产品配置；局部时延不等于模型端到端收益,measured,PERF_REGRESSED,formally-closed,2026-09-14T23:16:45.643775+08:00,upstream/t104_manifest.yaml,results/current/T-104/functional/pattern-13.json,results/current/T-104/functional/pattern-13.json,results/current/T-104/performance_summary.json
2026-09-15T17:20:20+08:00,T-104,AU-fuse-attention-sfdp-pattern-14,AU-fuse-attention-sfdp-pattern-14,1,results/current/T-104/gpu_reference_review.json,results/current/T-104/npu_stage_reviews.json,SDPA pattern 14：BERT Large布局、加法mask,joint_graph,partially-completed,prepared-awaiting-gpu-reference,yes-provisional,1,1,0,base-contract-not-yet-closed,1,inductor-default,gpu-contract-reviewed-awaiting-npu,triton_experimental,triton_experimental,failed,原方法 tests=1/skip=0；已通过Tensor比较=1；本编号精确改写=1；原合同未通过；后续分支不计覆盖,not-run,baseline-failed-diagnosis-pending,NOT_ALIGNED_REPAIR_REQUIRED,explicit-stage-review,,数值、精确目标及训练/推理范围以本例原断言和实际观测为准；不由总counter推导完整对齐。,GPU预期：CUDA应命中该编号pattern，并生成scaled-dot-product attention等价实现；NPU待验证：必须在triton_experimental真机确认精确编号、数值和无fallback后才能定论,人工检查各分支FX/IR/codegen及原断言范围；失败先定位首处分歧，不自动套用pattern 1候选；通过后另建合法性能门禁。,prepared-awaiting-functional-gate,planned,npu-regression-open,2026-09-14T23:16:45.585012+08:00,upstream/t104_manifest.yaml,,,upstream/t104_performance_plan.yaml
2026-09-15T17:20:20+08:00,T-104,AU-fuse-attention-sfdp-pattern-15,AU-fuse-attention-sfdp-pattern-15,1,results/current/T-104/gpu_reference_review.json,results/current/T-104/npu_stage_reviews.json,SDPA pattern 15：DistilBERT masked_fill布尔mask,joint_graph,partially-completed,prepared-awaiting-gpu-reference,yes-provisional,1,1,0,base-contract-not-yet-closed,1,inductor-default,gpu-contract-reviewed-awaiting-npu,triton_experimental,triton_experimental,community-contract-passed-not-final,原方法 tests=1/skip=0；已通过Tensor比较=1；本编号精确改写=1；原社区合同通过，仍待逐项图/性能审核,not-run,awaiting-code-and-performance-review,PARTIAL_ALIGNED,explicit-stage-review,,数值、精确目标及训练/推理范围以本例原断言和实际观测为准；不由总counter推导完整对齐。,GPU预期：CUDA应命中该编号pattern，并生成scaled-dot-product attention等价实现；NPU待验证：必须在triton_experimental真机确认精确编号、数值和无fallback后才能定论,人工检查各分支FX/IR/codegen及原断言范围；失败先定位首处分歧，不自动套用pattern 1候选；通过后另建合法性能门禁。,functional-precheck-blocked-off-numerical-failure,NOT_MEASURED,npu-contract-review,2026-09-14T23:16:45.585012+08:00,upstream/t104_manifest.yaml,,,upstream/t104_performance_plan.yaml
2026-09-15T17:20:20+08:00,T-105,AU-fuse-attention-sfdp-pattern-16,AU-fuse-attention-sfdp-pattern-16,1,results/current/T-105/gpu_reference_review.json,,SDPA pattern 16：BERT Large mask+dropout,joint_graph,partially-completed,prepared-awaiting-gpu-reference,yes-provisional,1,1,0,base-contract-not-yet-closed,1,inductor-default,native-passed-different-target-observed,triton_experimental,,not-run,not-run,not-run,not-run,backend-specific-partial-alignment,manifest-preparation-contract,,,GPU预期：CUDA命中专属pattern counter；replacement保留原数学链以满足紧精度合同；NPU待验证：必须在triton_experimental真机确认精确编号、数值和无fallback后才能定论,源码边界已审核、设备行为尚未形成结论；GPU reference 与 NPU triton_experimental 实测后更新,prepared-awaiting-functional-gate,planned,gpu-target-attribution-pending,2026-09-15T01:30:00+08:00,upstream/t105_manifest.yaml,,,upstream/t105_performance_plan.yaml
2026-09-15T17:20:20+08:00,T-105,AU-fuse-attention-sfdp-pattern-17,AU-fuse-attention-sfdp-pattern-15,0,results/current/T-105/gpu_reference_review.json,,SDPA pattern 17：DistilBERT masked_fill+dropout,joint_graph,partially-completed,duplicate-contract-evidence-retained,no-duplicate-contract,1,1,0,duplicate-noncounting,1,inductor-default,native-passed-different-target-observed,triton_experimental,,not-run,not-run,not-run,not-run,duplicate-contract-evidence-retained,manifest-preparation-contract,,,GPU预期：15承载同一推理合同；17原生PASS不证明独立编号；NPU待验证：沿用canonical合同的未决问题，不借别名宣布修复,源码边界已审核、设备行为尚未形成结论；GPU reference 与 NPU triton_experimental 实测后更新,duplicate-contract-no-new-measurement,see-canonical-task-not-recertified-here,duplicate-evidence-retained-not-counting,2026-09-15T01:30:00+08:00,upstream/t105_manifest.yaml,,,upstream/t105_performance_plan.yaml
2026-09-15T17:20:20+08:00,T-105,AU-fuse-attention-sfdp-pattern-18,AU-fuse-attention-sfdp-pattern-18,1,results/current/T-105/gpu_reference_review.json,,SDPA pattern 18：GPT2 causal mask并返回K/V,joint_graph,partially-completed,frozen,yes-frozen,1,1,0,fully-covered,1,inductor-default,valid-reference-frozen,triton_experimental,triton_experimental,passed,passed,BEHAVIOR_UNCHANGED,not-needed-product-unchanged,FULL_ALIGNED,explicit,原社区方法完整执行；记录12个Tensor比较；独立微图数值和精确OFF/ON通过,,未覆盖的dtype/形状/梯度不外推,保留当前产品配置；局部时延不等于模型端到端收益,measured,PERF_IMPROVED,formally-closed,2026-09-15T01:30:00+08:00,upstream/t105_manifest.yaml,results/current/T-105/functional/pattern-18.json,results/current/T-105/functional/pattern-18.json,results/current/T-105/performance_summary.json
2026-09-15T17:20:20+08:00,T-105,AU-fuse-attention-sfdp-pattern-19,AU-fuse-attention-sfdp-pattern-19,1,results/current/T-105/gpu_reference_review.json,,SDPA pattern 19：GPT2 causal mask叠加attention mask,joint_graph,partially-completed,frozen,yes-frozen,1,1,0,fully-covered,1,inductor-default,valid-reference-frozen,triton_experimental,triton_experimental,passed,passed,BEHAVIOR_UNCHANGED,not-needed-product-unchanged,PARTIAL_ALIGNED,explicit,原社区方法完整执行；记录0个Tensor比较；独立微图数值和精确OFF/ON通过,本次FP32微图ON仍为两次NPU bmm与safe_softmax数学展开，不能记为融合FA内核收益,原社区无数值oracle，派生微图不能回填；额外FP16 query与FP32 mask派生域已发生ON编译dtype错误；本FP32计时不能销项，CUDA同域行为尚未验证,保留当前产品配置；局部时延不等于模型端到端收益；half域缺口见issues/REF-sfdp-pattern-19-native/性能精度域缺口.md，需独立修复评审,measured,PERF_REGRESSED,formally-closed,2026-09-15T01:30:00+08:00,upstream/t105_manifest.yaml,results/current/T-105/functional/pattern-19.json,results/current/T-105/functional/pattern-19.json,results/current/T-105/performance_summary.json
2026-09-15T17:20:20+08:00,T-105,AU-fuse-attention-sfdp-pattern-20,AU-fuse-attention-sfdp-pattern-20,1,results/current/T-105/gpu_reference_review.json,results/current/T-105/npu_stage_reviews.json,SDPA pattern 20：新版DistilBERT先缩放Q的mask+dropout,joint_graph,partially-completed,prepared-awaiting-gpu-reference,yes-provisional,1,1,0,base-contract-not-yet-closed,1,inductor-default,gpu-contract-reviewed-awaiting-npu,triton_experimental,triton_experimental,community-contract-passed-not-final,原方法 tests=1/skip=0；已通过Tensor比较=0；本编号精确改写=1；原社区合同通过，仍待逐项图/性能审核；没有数值比较证据，不计精度PASS,not-run,awaiting-code-and-performance-review,PARTIAL_ALIGNED,explicit-stage-review,,数值、精确目标及训练/推理范围以本例原断言和实际观测为准；不由总counter推导完整对齐。,GPU预期：CUDA应命中该编号pattern，并生成scaled-dot-product attention等价实现；NPU待验证：必须在triton_experimental真机确认精确编号、数值和无fallback后才能定论,人工检查各分支FX/IR/codegen及原断言范围；失败先定位首处分歧，不自动套用pattern 1候选；通过后另建合法性能门禁。,functional-precheck-blocked-off-numerical-failure,NOT_MEASURED,npu-contract-review,2026-09-15T01:30:00+08:00,upstream/t105_manifest.yaml,,,upstream/t105_performance_plan.yaml
2026-09-15T17:20:20+08:00,T-106,AU-fuse-attention-sfdp-pattern-21,AU-fuse-attention-sfdp-pattern-21,1,results/current/T-106/gpu_reference_review.json,,SDPA pattern 21：T5加法mask与FP32 softmax,joint_graph,completed,frozen,yes-frozen,1,1,0,fully-covered,1,inductor-default,valid-reference-frozen,triton_experimental,triton_experimental,passed,passed,BEHAVIOR_UNCHANGED,not-needed,PARTIAL_ALIGNED,explicit,完整原社区数值与本编号改写通过,NPU数学展开与CUDA融合kernel不同；已选输入OFF被22接替，不能独立归因,未覆盖dtype/形状/梯度不外推；不证明所有输入均无法独立归因,用户接受归因限制结项，不计收益、不计默认关闭免测、不更改产品配置,accepted-not-independently-attributable,PERF_NOT_INDEPENDENTLY_ATTRIBUTABLE,formally-closed,2026-09-15T17:20:08.167333+08:00,upstream/t106_manifest.yaml,results/current/T-106/functional/pattern-21.json,results/current/T-106/functional/pattern-21.json,results/current/T-106/performance_summary.json
2026-09-15T17:20:20+08:00,T-106,AU-fuse-attention-sfdp-pattern-22,AU-fuse-attention-sfdp-pattern-22,1,results/current/T-106/gpu_reference_review.json,,SDPA pattern 22：T5加法mask且返回K/V,joint_graph,completed,frozen,yes-frozen,1,1,0,fully-covered,1,inductor-default,valid-reference-frozen,triton_experimental,triton_experimental,passed,passed,BEHAVIOR_UNCHANGED,installed-original-neighbors-boundary-verified,PARTIAL_ALIGNED,explicit,原社区方法完整执行；记录12个Tensor比较；独立微图数值和精确OFF/ON通过,NPU数学展开与CUDA融合kernel路径不同,未覆盖的dtype/形状/梯度不外推,保留当前产品配置；局部时延不等于模型端到端收益,measured,PERF_REGRESSED,formally-closed,2026-09-15T17:20:08.167333+08:00,upstream/t106_manifest.yaml,results/current/T-106/functional/pattern-22.json,results/current/T-106/functional/pattern-22.json,results/current/T-106/performance_summary.json
2026-09-15T17:20:20+08:00,T-106,AU-fuse-attention-sfdp-pattern-23,AU-fuse-attention-sfdp-pattern-23,1,results/current/T-106/gpu_reference_review.json,,SDPA pattern 23：T5零mask消去且返回K/V,joint_graph,completed,frozen,yes-frozen,1,1,0,fully-covered,1,inductor-default,valid-reference-frozen,triton_experimental,triton_experimental,passed,passed,BEHAVIOR_UNCHANGED,not-needed-product-unchanged,FULL_ALIGNED,explicit,原社区方法完整执行；记录6个Tensor比较；独立微图数值和精确OFF/ON通过,,未覆盖的dtype/形状/梯度不外推,保留当前产品配置；局部时延不等于模型端到端收益,measured,PERF_IMPROVED,formally-closed,2026-09-15T17:20:08.167333+08:00,upstream/t106_manifest.yaml,results/current/T-106/functional/pattern-23.json,results/current/T-106/functional/pattern-23.json,results/current/T-106/performance_summary.json
2026-09-15T17:20:20+08:00,T-106,AU-fuse-attention-sfdp-pattern-24,AU-fuse-attention-sfdp-pattern-24,1,results/current/T-106/gpu_reference_review.json,,SDPA pattern 24：MBart/PLBart reshape+bmm与异dtype mask,joint_graph,completed,frozen,yes-frozen,1,1,0,fully-covered,1,inductor-default,valid-reference-frozen,triton_experimental,triton_experimental,passed,passed,BEHAVIOR_UNCHANGED,not-needed-product-unchanged,PARTIAL_ALIGNED,explicit,原社区方法完整执行；记录1个Tensor比较；独立微图数值和精确OFF/ON通过,NPU数学展开与CUDA融合kernel路径不同,未覆盖的dtype/形状/梯度不外推,保留当前产品配置；局部时延不等于模型端到端收益,measured,PERF_REGRESSED,formally-closed,2026-09-15T17:20:08.167333+08:00,upstream/t106_manifest.yaml,results/current/T-106/functional/pattern-24.json,results/current/T-106/functional/pattern-24.json,results/current/T-106/performance_summary.json
2026-09-15T17:20:20+08:00,T-107,AU-fuse-attention-sfdp-pattern-28,AU-fuse-attention-sfdp-pattern-28,1,results/current/T-107/gpu_reference_review.json,results/current/T-107/npu_stage_reviews.json,SDPA pattern 28：Visformer非连续QKV,joint_graph,prepared-awaiting-gpu-reference,prepared-awaiting-gpu-reference,yes-provisional,1,1,0,base-contract-not-yet-closed,1,inductor-default,gpu-contract-reviewed-awaiting-npu,triton_experimental,triton_experimental,failed,原方法 tests=1/skip=0；已通过Tensor比较=0；本编号精确改写=1；原合同未通过；后续分支不计覆盖；没有数值比较证据，不计精度PASS,not-run,baseline-failed-diagnosis-pending,NOT_ALIGNED_REPAIR_REQUIRED,explicit-stage-review,,数值、精确目标及训练/推理范围以本例原断言和实际观测为准；不由总counter推导完整对齐。,GPU预期：CUDA应命中该编号pattern，并生成scaled-dot-product attention等价实现；NPU待验证：必须在triton_experimental真机确认精确编号、数值和无fallback后才能定论,人工检查各分支FX/IR/codegen及原断言范围；失败先定位首处分歧，不自动套用pattern 1候选；通过后另建合法性能门禁。,prepared-awaiting-functional-gate,planned,npu-regression-open,2026-09-14T22:47:40.792414+08:00,upstream/t107_manifest.yaml,,,upstream/t107_performance_plan.yaml
2026-09-15T17:20:20+08:00,T-107,AU-fuse-attention-sfdp-pattern-29,AU-fuse-attention-sfdp-pattern-29,1,results/current/T-107/gpu_reference_review.json,,SDPA pattern 29：BERT式分摊sqrt缩放并带mask,joint_graph,prepared-awaiting-gpu-reference,prepared-awaiting-gpu-reference,yes-provisional,1,1,0,base-contract-not-yet-closed,1,inductor-default,native-passed-different-target-observed,triton_experimental,,not-run,not-run,not-run,not-run,pending-device-comparison,manifest-preparation-contract,,,GPU预期：CUDA应命中该编号pattern，并生成scaled-dot-product attention等价实现；NPU待验证：必须在triton_experimental真机确认精确编号、数值和无fallback后才能定论,源码边界已审核、设备行为尚未形成结论；GPU reference 与 NPU triton_experimental 实测后更新,prepared-awaiting-functional-gate,planned,gpu-target-attribution-pending,2026-09-10T22:55:21+08:00,upstream/t107_manifest.yaml,,,upstream/t107_performance_plan.yaml
2026-09-15T17:20:20+08:00,T-107,AU-fuse-attention-sfdp-pattern-30,AU-fuse-attention-sfdp-pattern-30,1,results/current/T-107/gpu_reference_review.json,results/current/T-107/npu_stage_reviews.json,SDPA pattern 30：pattern 29的无mask形式,joint_graph,prepared-awaiting-gpu-reference,prepared-awaiting-gpu-reference,yes-provisional,1,1,0,base-contract-not-yet-closed,1,inductor-default,gpu-contract-reviewed-awaiting-npu,triton_experimental,triton_experimental,failed,原方法 tests=1/skip=0；已通过Tensor比较=1；本编号精确改写=1；原合同未通过；后续分支不计覆盖,not-run,baseline-failed-diagnosis-pending,NOT_ALIGNED_REPAIR_REQUIRED,explicit-stage-review,,数值、精确目标及训练/推理范围以本例原断言和实际观测为准；不由总counter推导完整对齐。,GPU预期：CUDA应命中该编号pattern，并生成scaled-dot-product attention等价实现；NPU待验证：必须在triton_experimental真机确认精确编号、数值和无fallback后才能定论,人工检查各分支FX/IR/codegen及原断言范围；失败先定位首处分歧，不自动套用pattern 1候选；通过后另建合法性能门禁。,prepared-awaiting-functional-gate,planned,npu-regression-open,2026-09-14T22:49:06.203043+08:00,upstream/t107_manifest.yaml,,,upstream/t107_performance_plan.yaml
2026-09-15T17:20:20+08:00,T-112,AU-fsdp-get-dedup-rs,AU-post-grad-dedup-reduce-scatters,0,results/current/T-112/gpu_reference_review.json,,线性reduce-scatter相加去重,post_grad,duplicate-contract-evidence-retained,duplicate-contract-evidence-retained,no-duplicate-contract,1,1,0,duplicate-noncounting,1,inductor-default,gpu-validated-duplicate-contract,triton_experimental,,not-run,not-run,not-run,not-run,PENDING_REVIEW,legacy-missing-explicit,,,历史结果缺少显式社区对齐范围，需在后续再认证时补录,保留原功能/性能结论，但不得据此外推为完全社区对齐,duplicate-contract-no-new-measurement,see-canonical-task-not-recertified-here,duplicate-evidence-retained-not-counting,2026-09-11T12:04:00+08:00,upstream/t112_manifest.yaml,,,upstream/t112_performance_plan.yaml
