record_id,stage,name,mechanism,source,line,default_history_verdict,experimental_route,experimental_status,next_test,route_note
868b02e69793,inductor-extension,apply_gumbel_max_trick,pattern-entry,torch/_inductor/fx_passes/apply_gumbel_max_trick.py,26,not-run,inherited-upstream-needs-dynamic-validation,not-run,reuse-base-test-design-with-experimental-backend,registered by upstream Inductor; effect may change under NPU lowering/codegen
36d6df47f183,inductor-extension,b2b_gemm_pass,pattern-registry,torch/_inductor/fx_passes/b2b_gemm.py,36,not-run,inherited-upstream-needs-dynamic-validation,not-run,reuse-base-test-design-with-experimental-backend,registered by upstream Inductor; effect may change under NPU lowering/codegen
2ff110dbacea,inductor-extension,b2b_gemm_handler,pattern-entry,torch/_inductor/fx_passes/b2b_gemm.py,605,not-run,inherited-upstream-needs-dynamic-validation,not-run,reuse-base-test-design-with-experimental-backend,registered by upstream Inductor; effect may change under NPU lowering/codegen
46023421e6c2,inductor-extension,folded_op,pattern-entry,torch/_inductor/fx_passes/binary_folding.py,479,not-run,inherited-upstream-needs-dynamic-validation,not-run,reuse-base-test-design-with-experimental-backend,registered by upstream Inductor; effect may change under NPU lowering/codegen
da5a11c73b39,inductor-extension,decompose_bmm,pattern-entry,torch/_inductor/fx_passes/decompose_mem_bound_mm.py,228,not-run,inherited-upstream-needs-dynamic-validation,not-run,reuse-base-test-design-with-experimental-backend,registered by upstream Inductor; effect may change under NPU lowering/codegen
85bd306097c3,inductor-extension,decompose_addmm,pattern-entry,torch/_inductor/fx_passes/decompose_mem_bound_mm.py,247,not-run,inherited-upstream-needs-dynamic-validation,not-run,reuse-base-test-design-with-experimental-backend,registered by upstream Inductor; effect may change under NPU lowering/codegen
fbe44b3816a8,inductor-extension,decompose_mm,pattern-entry,torch/_inductor/fx_passes/decompose_mem_bound_mm.py,271,not-run,inherited-upstream-needs-dynamic-validation,not-run,reuse-base-test-design-with-experimental-backend,registered by upstream Inductor; effect may change under NPU lowering/codegen
bf2db909c45c,inductor-extension,efficient_conv_bn_eval_graph_transform_inlined,pattern-entry,torch/_inductor/fx_passes/efficient_conv_bn_eval.py,158,not-run,inherited-upstream-needs-dynamic-validation,not-run,reuse-base-test-design-with-experimental-backend,registered by upstream Inductor; effect may change under NPU lowering/codegen
74031644bf83,inductor-extension,efficient_conv_bn_eval_graph_transform_decomposed,pattern-entry,torch/_inductor/fx_passes/efficient_conv_bn_eval.py,273,not-run,inherited-upstream-needs-dynamic-validation,not-run,reuse-base-test-design-with-experimental-backend,registered by upstream Inductor; effect may change under NPU lowering/codegen
63e5dae81e60,inductor-extension,efficient_conv_bn_eval_graph_transform,pattern-entry,torch/_inductor/fx_passes/efficient_conv_bn_eval.py,373,not-run,inherited-upstream-needs-dynamic-validation,not-run,reuse-base-test-design-with-experimental-backend,registered by upstream Inductor; effect may change under NPU lowering/codegen
8350be706e42,inductor-extension,binary_folding_pass,pattern-registry,torch/_inductor/fx_passes/freezing_patterns.py,34,not-run,inherited-upstream-needs-dynamic-validation,not-run,reuse-base-test-design-with-experimental-backend,registered by upstream Inductor; effect may change under NPU lowering/codegen
8c7e5a563f11,inductor-extension,freezing_passes,extension-function,torch/_inductor/fx_passes/freezing_patterns.py,37,not-run,inherited-upstream-needs-dynamic-validation,not-run,reuse-base-test-design-with-experimental-backend,registered by upstream Inductor; effect may change under NPU lowering/codegen
9558631518d1,inductor-extension,int8_woq_fusion_pattern,replacement-entry,torch/_inductor/fx_passes/freezing_patterns.py,206,not-run,inherited-upstream-needs-dynamic-validation,not-run,reuse-base-test-design-with-experimental-backend,registered by upstream Inductor; effect may change under NPU lowering/codegen
436b9907ab51,inductor-extension,matmul_fuse_pattern,replacement-entry,torch/_inductor/fx_passes/freezing_patterns.py,229,not-run,inherited-upstream-needs-dynamic-validation,not-run,reuse-base-test-design-with-experimental-backend,registered by upstream Inductor; effect may change under NPU lowering/codegen
2c96ebb4d30f,inductor-extension,matmul_fuse_pattern_two,replacement-entry,torch/_inductor/fx_passes/freezing_patterns.py,252,not-run,inherited-upstream-needs-dynamic-validation,not-run,reuse-base-test-design-with-experimental-backend,registered by upstream Inductor; effect may change under NPU lowering/codegen
056881a01639,inductor-extension,addmm_fuse_pattern_second,replacement-entry,torch/_inductor/fx_passes/freezing_patterns.py,279,not-run,inherited-upstream-needs-dynamic-validation,not-run,reuse-base-test-design-with-experimental-backend,registered by upstream Inductor; effect may change under NPU lowering/codegen
3bc3f34915da,inductor-extension,unnecessary_dtype_convert,pattern-entry,torch/_inductor/fx_passes/freezing_patterns.py,308,not-run,inherited-upstream-needs-dynamic-validation,not-run,reuse-base-test-design-with-experimental-backend,registered by upstream Inductor; effect may change under NPU lowering/codegen
410927b10eeb,inductor-extension,_get_dedup_rs_pass,extension-function,torch/_inductor/fx_passes/fsdp.py,101,not-run,inherited-upstream-needs-dynamic-validation,not-run,reuse-base-test-design-with-experimental-backend,registered by upstream Inductor; effect may change under NPU lowering/codegen
3f2572ddcd4e,inductor-extension,dedup_reduce_scatter,pattern-registry,torch/_inductor/fx_passes/fsdp.py,109,not-run,inherited-upstream-needs-dynamic-validation,not-run,reuse-base-test-design-with-experimental-backend,registered by upstream Inductor; effect may change under NPU lowering/codegen
38ca57f55dd5,inductor-extension,_get_dedup_rs_pass._,pattern-entry,torch/_inductor/fx_passes/fsdp.py,152,not-run,inherited-upstream-needs-dynamic-validation,not-run,reuse-base-test-design-with-experimental-backend,registered by upstream Inductor; effect may change under NPU lowering/codegen
cd2cb0b5fe95,inductor-extension,group_batch_fusion_passes,extension-function,torch/_inductor/fx_passes/group_batch_fusion.py,1679,not-run,inherited-upstream-needs-dynamic-validation,not-run,reuse-base-test-design-with-experimental-backend,registered by upstream Inductor; effect may change under NPU lowering/codegen
d1fa741fe50e,inductor-extension,patterns,pattern-registry,torch/_inductor/fx_passes/micro_pipeline_tp.py,27,not-run,inherited-upstream-needs-dynamic-validation,not-run,reuse-base-test-design-with-experimental-backend,registered by upstream Inductor; effect may change under NPU lowering/codegen
1cde6d1ec26d,inductor-extension,micro_pipeline_tp_pass,extension-function,torch/_inductor/fx_passes/micro_pipeline_tp.py,1299,not-run,inherited-upstream-needs-dynamic-validation,not-run,reuse-base-test-design-with-experimental-backend,registered by upstream Inductor; effect may change under NPU lowering/codegen
b2388e98704e,inductor-extension,randperm_index_add_pattern,replacement-entry,torch/_inductor/fx_passes/misc_patterns.py,50,not-run,inherited-upstream-needs-dynamic-validation,not-run,reuse-base-test-design-with-experimental-backend,registered by upstream Inductor; effect may change under NPU lowering/codegen
17ecd96118f2,inductor-extension,randperm_index_full_pattern,replacement-entry,torch/_inductor/fx_passes/misc_patterns.py,71,not-run,inherited-upstream-needs-dynamic-validation,not-run,reuse-base-test-design-with-experimental-backend,registered by upstream Inductor; effect may change under NPU lowering/codegen
bcfb4183ce66,inductor-extension,randperm_index_pattern,replacement-entry,torch/_inductor/fx_passes/misc_patterns.py,92,not-run,inherited-upstream-needs-dynamic-validation,not-run,reuse-base-test-design-with-experimental-backend,registered by upstream Inductor; effect may change under NPU lowering/codegen
0d677781d69d,inductor-extension,e8m0_rceil_pattern,replacement-entry,torch/_inductor/fx_passes/misc_patterns.py,139,not-run,inherited-upstream-needs-dynamic-validation,not-run,reuse-base-test-design-with-experimental-backend,registered by upstream Inductor; effect may change under NPU lowering/codegen
f56740c25cbe,inductor-extension,e8m0_rceil_log2_pattern,replacement-entry,torch/_inductor/fx_passes/misc_patterns.py,198,not-run,inherited-upstream-needs-dynamic-validation,not-run,reuse-base-test-design-with-experimental-backend,registered by upstream Inductor; effect may change under NPU lowering/codegen
73fcd1294fb3,inductor-extension,grouped_gemm_pass,extension-function,torch/_inductor/fx_passes/mkldnn_fusion.py,208,not-run,inherited-upstream-needs-dynamic-validation,not-run,reuse-base-test-design-with-experimental-backend,registered by upstream Inductor; effect may change under NPU lowering/codegen
8e3cead90877,inductor-extension,_register_unary_fusion_lowering.fn,pattern-entry,torch/_inductor/fx_passes/mkldnn_fusion.py,474,not-run,inherited-upstream-needs-dynamic-validation,not-run,reuse-base-test-design-with-experimental-backend,registered by upstream Inductor; effect may change under NPU lowering/codegen
ec0d628d0f2d,inductor-extension,_register_leaky_relu_fusion_lowering.fn,pattern-entry,torch/_inductor/fx_passes/mkldnn_fusion.py,494,not-run,inherited-upstream-needs-dynamic-validation,not-run,reuse-base-test-design-with-experimental-backend,registered by upstream Inductor; effect may change under NPU lowering/codegen
01579ba32984,inductor-extension,_register_hardtanh_fusion_lowering.fn,pattern-entry,torch/_inductor/fx_passes/mkldnn_fusion.py,542,not-run,inherited-upstream-needs-dynamic-validation,not-run,reuse-base-test-design-with-experimental-backend,registered by upstream Inductor; effect may change under NPU lowering/codegen
63c5cfe57202,inductor-extension,_register_binary_unary_fusion_lowering.fn,pattern-entry,torch/_inductor/fx_passes/mkldnn_fusion.py,772,not-run,inherited-upstream-needs-dynamic-validation,not-run,reuse-base-test-design-with-experimental-backend,registered by upstream Inductor; effect may change under NPU lowering/codegen
ea47724cd0a8,inductor-extension,_register_binary_unary_maybe_inplace_fusion_lowering.fn,pattern-entry,torch/_inductor/fx_passes/mkldnn_fusion.py,854,not-run,inherited-upstream-needs-dynamic-validation,not-run,reuse-base-test-design-with-experimental-backend,registered by upstream Inductor; effect may change under NPU lowering/codegen
990d526bf3e7,inductor-extension,reshape_linear_reshape_pattern,pattern-entry,torch/_inductor/fx_passes/mkldnn_fusion.py,1094,not-run,inherited-upstream-needs-dynamic-validation,not-run,reuse-base-test-design-with-experimental-backend,registered by upstream Inductor; effect may change under NPU lowering/codegen
18202f32e8fc,inductor-extension,linear_bias_pattern,pattern-entry,torch/_inductor/fx_passes/mkldnn_fusion.py,1178,not-run,inherited-upstream-needs-dynamic-validation,not-run,reuse-base-test-design-with-experimental-backend,registered by upstream Inductor; effect may change under NPU lowering/codegen
b91ab23c9c1f,inductor-extension,_register_weight_pack_pass,extension-function,torch/_inductor/fx_passes/mkldnn_fusion.py,1403,not-run,inherited-upstream-needs-dynamic-validation,not-run,reuse-base-test-design-with-experimental-backend,registered by upstream Inductor; effect may change under NPU lowering/codegen
222484aedbd6,inductor-extension,convolution,pattern-entry,torch/_inductor/fx_passes/mkldnn_fusion.py,1408,not-run,inherited-upstream-needs-dynamic-validation,not-run,reuse-base-test-design-with-experimental-backend,registered by upstream Inductor; effect may change under NPU lowering/codegen
7e4929ef2f24,inductor-extension,mkldnn_rnn_layer,pattern-entry,torch/_inductor/fx_passes/mkldnn_fusion.py,1460,not-run,inherited-upstream-needs-dynamic-validation,not-run,reuse-base-test-design-with-experimental-backend,registered by upstream Inductor; effect may change under NPU lowering/codegen
bab4e1ad7592,inductor-extension,linear,pattern-entry,torch/_inductor/fx_passes/mkldnn_fusion.py,1527,not-run,inherited-upstream-needs-dynamic-validation,not-run,reuse-base-test-design-with-experimental-backend,registered by upstream Inductor; effect may change under NPU lowering/codegen
2fb945565494,inductor-extension,qconv,pattern-entry,torch/_inductor/fx_passes/quantization.py,426,not-run,inherited-upstream-needs-dynamic-validation,not-run,reuse-base-test-design-with-experimental-backend,registered by upstream Inductor; effect may change under NPU lowering/codegen
40b93168c945,inductor-extension,qlinear,pattern-entry,torch/_inductor/fx_passes/quantization.py,539,not-run,inherited-upstream-needs-dynamic-validation,not-run,reuse-base-test-design-with-experimental-backend,registered by upstream Inductor; effect may change under NPU lowering/codegen
6600bdaa0cfc,inductor-extension,qlinear_binary,pattern-entry,torch/_inductor/fx_passes/quantization.py,598,not-run,inherited-upstream-needs-dynamic-validation,not-run,reuse-base-test-design-with-experimental-backend,registered by upstream Inductor; effect may change under NPU lowering/codegen
6e980a0677be,inductor-extension,qconv_binary,pattern-entry,torch/_inductor/fx_passes/quantization.py,772,not-run,inherited-upstream-needs-dynamic-validation,not-run,reuse-base-test-design-with-experimental-backend,registered by upstream Inductor; effect may change under NPU lowering/codegen
9750cfe0a97f,inductor-extension,qmaxpool2d,pattern-entry,torch/_inductor/fx_passes/quantization.py,920,not-run,inherited-upstream-needs-dynamic-validation,not-run,reuse-base-test-design-with-experimental-backend,registered by upstream Inductor; effect may change under NPU lowering/codegen
61f656404961,inductor-extension,qcat,pattern-entry,torch/_inductor/fx_passes/quantization.py,1066,not-run,inherited-upstream-needs-dynamic-validation,not-run,reuse-base-test-design-with-experimental-backend,registered by upstream Inductor; effect may change under NPU lowering/codegen
40f1abd1861f,inductor-extension,qreshape,pattern-entry,torch/_inductor/fx_passes/quantization.py,1112,not-run,inherited-upstream-needs-dynamic-validation,not-run,reuse-base-test-design-with-experimental-backend,registered by upstream Inductor; effect may change under NPU lowering/codegen
9563f69c084d,inductor-extension,woq_int8,pattern-entry,torch/_inductor/fx_passes/quantization.py,1208,not-run,inherited-upstream-needs-dynamic-validation,not-run,reuse-base-test-design-with-experimental-backend,registered by upstream Inductor; effect may change under NPU lowering/codegen
9563f69c084d,inductor-extension,woq_int8,pattern-entry,torch/_inductor/fx_passes/quantization.py,1273,not-run,inherited-upstream-needs-dynamic-validation,not-run,reuse-base-test-design-with-experimental-backend,registered by upstream Inductor; effect may change under NPU lowering/codegen
5453107eac26,inductor-extension,_build_pattern_pass,extension-function,torch/_inductor/fx_passes/reduced_atomic_contention.py,565,not-run,inherited-upstream-needs-dynamic-validation,not-run,reuse-base-test-design-with-experimental-backend,registered by upstream Inductor; effect may change under NPU lowering/codegen
a5b1a655db37,inductor-extension,partitioned_scatter_optimization,pattern-registry,torch/_inductor/fx_passes/reduced_atomic_contention.py,571,not-run,inherited-upstream-needs-dynamic-validation,not-run,reuse-base-test-design-with-experimental-backend,registered by upstream Inductor; effect may change under NPU lowering/codegen
b6404dbac2b7,inductor-extension,replacement,pattern-entry,torch/_inductor/fx_passes/reduced_atomic_contention.py,581,not-run,inherited-upstream-needs-dynamic-validation,not-run,reuse-base-test-design-with-experimental-backend,registered by upstream Inductor; effect may change under NPU lowering/codegen
9e538319a481,inductor-extension,partitioned_scatter_optimization_pass,extension-function,torch/_inductor/fx_passes/reduced_atomic_contention.py,621,not-run,inherited-upstream-needs-dynamic-validation,not-run,reuse-base-test-design-with-experimental-backend,registered by upstream Inductor; effect may change under NPU lowering/codegen
024da11b8cce,inductor-extension,patterns,pattern-registry,torch/_inductor/fx_passes/replace_random.py,21,not-run,inherited-upstream-needs-dynamic-validation,not-run,reuse-base-test-design-with-experimental-backend,registered by upstream Inductor; effect may change under NPU lowering/codegen
50cc63a0c508,inductor-extension,replace_random_passes,extension-function,torch/_inductor/fx_passes/replace_random.py,59,not-run,inherited-upstream-needs-dynamic-validation,not-run,reuse-base-test-design-with-experimental-backend,registered by upstream Inductor; effect may change under NPU lowering/codegen
445484becfeb,inductor-extension,fuse_seed_creation_pass,pipeline,torch/_inductor/fx_passes/replace_random.py,65,not-run,inherited-upstream-needs-dynamic-validation,not-run,reuse-base-test-design-with-experimental-backend,registered by upstream Inductor; effect may change under NPU lowering/codegen
c849cbffb707,inductor-extension,fuse_offset_creation_pass,pipeline,torch/_inductor/fx_passes/replace_random.py,68,not-run,inherited-upstream-needs-dynamic-validation,not-run,reuse-base-test-design-with-experimental-backend,registered by upstream Inductor; effect may change under NPU lowering/codegen
75f5479e89ef,inductor-extension,fuse_offset_creation_pass,extension-function,torch/_inductor/fx_passes/replace_random.py,74,not-run,inherited-upstream-needs-dynamic-validation,not-run,reuse-base-test-design-with-experimental-backend,registered by upstream Inductor; effect may change under NPU lowering/codegen
ce13f82b44ac,inductor-extension,fuse_seed_creation_pass,extension-function,torch/_inductor/fx_passes/replace_random.py,121,not-run,inherited-upstream-needs-dynamic-validation,not-run,reuse-base-test-design-with-experimental-backend,registered by upstream Inductor; effect may change under NPU lowering/codegen
285d09b4dc56,inductor-extension,replace_random,pattern-entry,torch/_inductor/fx_passes/replace_random.py,185,not-run,inherited-upstream-needs-dynamic-validation,not-run,reuse-base-test-design-with-experimental-backend,registered by upstream Inductor; effect may change under NPU lowering/codegen
413bd277b95d,inductor-extension,replace_randint,pattern-entry,torch/_inductor/fx_passes/replace_random.py,245,not-run,inherited-upstream-needs-dynamic-validation,not-run,reuse-base-test-design-with-experimental-backend,registered by upstream Inductor; effect may change under NPU lowering/codegen
98f4d5fca467,inductor-extension,construct_pattern_matcher_pass,extension-function,torch/_inductor/fx_passes/split_cat.py,100,not-run,inherited-upstream-needs-dynamic-validation,not-run,reuse-base-test-design-with-experimental-backend,registered by upstream Inductor; effect may change under NPU lowering/codegen
862fcd104c35,inductor-extension,normalize_split_default,pattern-entry,torch/_inductor/fx_passes/split_cat.py,229,not-run,inherited-upstream-needs-dynamic-validation,not-run,reuse-base-test-design-with-experimental-backend,registered by upstream Inductor; effect may change under NPU lowering/codegen
c0ef5cc3bc98,inductor-extension,remove_split_with_size_one,pattern-entry,torch/_inductor/fx_passes/split_cat.py,241,not-run,inherited-upstream-needs-dynamic-validation,not-run,reuse-base-test-design-with-experimental-backend,registered by upstream Inductor; effect may change under NPU lowering/codegen
ffb329bbdd3b,inductor-extension,normalize_unbind_default,pattern-entry,torch/_inductor/fx_passes/split_cat.py,284,not-run,inherited-upstream-needs-dynamic-validation,not-run,reuse-base-test-design-with-experimental-backend,registered by upstream Inductor; effect may change under NPU lowering/codegen
b5dafba866b2,inductor-extension,normalize_cat_default,pattern-entry,torch/_inductor/fx_passes/split_cat.py,321,not-run,inherited-upstream-needs-dynamic-validation,not-run,reuse-base-test-design-with-experimental-backend,registered by upstream Inductor; effect may change under NPU lowering/codegen
4d8681d9a90a,inductor-extension,normalize_stack_default,pattern-entry,torch/_inductor/fx_passes/split_cat.py,383,not-run,inherited-upstream-needs-dynamic-validation,not-run,reuse-base-test-design-with-experimental-backend,registered by upstream Inductor; effect may change under NPU lowering/codegen
6a941960bdeb,inductor-extension,normalize_squeeze_default,pattern-entry,torch/_inductor/fx_passes/split_cat.py,429,not-run,inherited-upstream-needs-dynamic-validation,not-run,reuse-base-test-design-with-experimental-backend,registered by upstream Inductor; effect may change under NPU lowering/codegen
10513597b2c8,inductor-extension,normalize_reshape_default,pattern-entry,torch/_inductor/fx_passes/split_cat.py,469,not-run,inherited-upstream-needs-dynamic-validation,not-run,reuse-base-test-design-with-experimental-backend,registered by upstream Inductor; effect may change under NPU lowering/codegen
21b4e5115c82,inductor-extension,normalize_clamp_default,pattern-entry,torch/_inductor/fx_passes/split_cat.py,498,not-run,inherited-upstream-needs-dynamic-validation,not-run,reuse-base-test-design-with-experimental-backend,registered by upstream Inductor; effect may change under NPU lowering/codegen
a31a0d7d52ab,inductor-extension,normalize_detach_default,pattern-entry,torch/_inductor/fx_passes/split_cat.py,531,not-run,inherited-upstream-needs-dynamic-validation,not-run,reuse-base-test-design-with-experimental-backend,registered by upstream Inductor; effect may change under NPU lowering/codegen
8f14a370430e,inductor-extension,merge_splits,pattern-entry,torch/_inductor/fx_passes/split_cat.py,599,not-run,inherited-upstream-needs-dynamic-validation,not-run,reuse-base-test-design-with-experimental-backend,registered by upstream Inductor; effect may change under NPU lowering/codegen
99c5eaf4af8f,inductor-extension,merge_split_squeeze,pattern-entry,torch/_inductor/fx_passes/split_cat.py,1307,not-run,inherited-upstream-needs-dynamic-validation,not-run,reuse-base-test-design-with-experimental-backend,registered by upstream Inductor; effect may change under NPU lowering/codegen
9402764ab326,inductor-extension,merge_unbind_stack,pattern-entry,torch/_inductor/fx_passes/split_cat.py,1373,not-run,inherited-upstream-needs-dynamic-validation,not-run,reuse-base-test-design-with-experimental-backend,registered by upstream Inductor; effect may change under NPU lowering/codegen
d6a1efa2dff3,inductor-extension,simplify_split_cat,pattern-entry,torch/_inductor/fx_passes/split_cat.py,1438,not-run,inherited-upstream-needs-dynamic-validation,not-run,reuse-base-test-design-with-experimental-backend,registered by upstream Inductor; effect may change under NPU lowering/codegen
91a70e6651bc,inductor-extension,merge_getitem_cat,pattern-entry,torch/_inductor/fx_passes/split_cat.py,1523,not-run,inherited-upstream-needs-dynamic-validation,not-run,reuse-base-test-design-with-experimental-backend,registered by upstream Inductor; effect may change under NPU lowering/codegen
fec04f9f3d12,inductor-extension,mutate_cat_node,pattern-entry,torch/_inductor/fx_passes/split_cat.py,1630,not-run,inherited-upstream-needs-dynamic-validation,not-run,reuse-base-test-design-with-experimental-backend,registered by upstream Inductor; effect may change under NPU lowering/codegen
609d8b4e0dc4,inductor-extension,normalize_split_default_aten,pattern-entry,torch/_inductor/fx_passes/split_cat.py,1707,not-run,inherited-upstream-needs-dynamic-validation,not-run,reuse-base-test-design-with-experimental-backend,registered by upstream Inductor; effect may change under NPU lowering/codegen
43bb42aef550,inductor-extension,normalize_split_with_size_default_aten,pattern-entry,torch/_inductor/fx_passes/split_cat.py,1757,not-run,inherited-upstream-needs-dynamic-validation,not-run,reuse-base-test-design-with-experimental-backend,registered by upstream Inductor; effect may change under NPU lowering/codegen
3559f3418ce4,inductor-extension,merge_split_cat_aten,pattern-entry,torch/_inductor/fx_passes/split_cat.py,1803,not-run,inherited-upstream-needs-dynamic-validation,not-run,reuse-base-test-design-with-experimental-backend,registered by upstream Inductor; effect may change under NPU lowering/codegen
bc3382602c0e,inductor-extension,merge_select_cat_aten,pattern-entry,torch/_inductor/fx_passes/split_cat.py,1907,not-run,inherited-upstream-needs-dynamic-validation,not-run,reuse-base-test-design-with-experimental-backend,registered by upstream Inductor; effect may change under NPU lowering/codegen
61ea26415db9,inductor-extension,normalize_cat_default_aten,pattern-entry,torch/_inductor/fx_passes/split_cat.py,1959,not-run,inherited-upstream-needs-dynamic-validation,not-run,reuse-base-test-design-with-experimental-backend,registered by upstream Inductor; effect may change under NPU lowering/codegen
21763efd462f,inductor-extension,merge_unbind_stack_aten,pattern-entry,torch/_inductor/fx_passes/split_cat.py,2013,not-run,inherited-upstream-needs-dynamic-validation,not-run,reuse-base-test-design-with-experimental-backend,registered by upstream Inductor; effect may change under NPU lowering/codegen
478542092c69,inductor-extension,split_cat_to_slices,pattern-entry,torch/_inductor/fx_passes/split_cat.py,2369,not-run,inherited-upstream-needs-dynamic-validation,not-run,reuse-base-test-design-with-experimental-backend,registered by upstream Inductor; effect may change under NPU lowering/codegen
6a0499550a29,inductor-extension,unbind_cat_to_view,pattern-entry,torch/_inductor/fx_passes/split_cat.py,2452,not-run,inherited-upstream-needs-dynamic-validation,not-run,reuse-base-test-design-with-experimental-backend,registered by upstream Inductor; effect may change under NPU lowering/codegen
8dd6028211e6,inductor-extension,split_stack_to_cats,pattern-entry,torch/_inductor/fx_passes/split_cat.py,2626,not-run,inherited-upstream-needs-dynamic-validation,not-run,reuse-base-test-design-with-experimental-backend,registered by upstream Inductor; effect may change under NPU lowering/codegen
0f5f1d887b40,inductor-extension,unbind_stack_to_slices,pattern-entry,torch/_inductor/fx_passes/split_cat.py,2699,not-run,inherited-upstream-needs-dynamic-validation,not-run,reuse-base-test-design-with-experimental-backend,registered by upstream Inductor; effect may change under NPU lowering/codegen
11ed6bef4611,inductor-extension,move_reshape_out_of_split_stack,pattern-entry,torch/_inductor/fx_passes/split_cat.py,2797,not-run,inherited-upstream-needs-dynamic-validation,not-run,reuse-base-test-design-with-experimental-backend,registered by upstream Inductor; effect may change under NPU lowering/codegen
3b2feb8eac4c,inductor-extension,move_view_after_cat,pattern-entry,torch/_inductor/fx_passes/split_cat.py,2935,not-run,inherited-upstream-needs-dynamic-validation,not-run,reuse-base-test-design-with-experimental-backend,registered by upstream Inductor; effect may change under NPU lowering/codegen
f7487f2ae5a0,inductor-extension,replace_einsum_to_pointwise,pattern-entry,torch/_inductor/fx_passes/split_cat.py,3037,not-run,inherited-upstream-needs-dynamic-validation,not-run,reuse-base-test-design-with-experimental-backend,registered by upstream Inductor; effect may change under NPU lowering/codegen
bbcbc96869fb,inductor-extension,AscendCustomPostPass,extension-function,torch_npu/_inductor/fx_passes/graph_match_pass.py,5,not-run,inactive-not-called-by-experimental-loader,not-run,migration-review,torch_npu pass belongs to another loader unless explicitly migrated
1a51c74897e5,joint_graph,_sfdp_pattern_1,generated-pattern-family,torch/_inductor/fx_passes/fuse_attention.py,43,supported-beneficial,inherited-upstream-needs-dynamic-validation,not-run,reuse-base-test-design-with-experimental-backend,registered by upstream Inductor; effect may change under NPU lowering/codegen
0def62bd5e75,joint_graph,_sfdp_pattern_2,generated-pattern-family,torch/_inductor/fx_passes/fuse_attention.py,65,not-run,inherited-upstream-needs-dynamic-validation,not-run,reuse-base-test-design-with-experimental-backend,registered by upstream Inductor; effect may change under NPU lowering/codegen
aaac1d800b0c,joint_graph,_sfdp_pattern_3,generated-pattern-family,torch/_inductor/fx_passes/fuse_attention.py,87,not-run,inherited-upstream-needs-dynamic-validation,not-run,reuse-base-test-design-with-experimental-backend,registered by upstream Inductor; effect may change under NPU lowering/codegen
c72ab1bd5833,joint_graph,_sfdp_pattern_4,generated-pattern-family,torch/_inductor/fx_passes/fuse_attention.py,109,not-run,inherited-upstream-needs-dynamic-validation,not-run,reuse-base-test-design-with-experimental-backend,registered by upstream Inductor; effect may change under NPU lowering/codegen
a2a9d805df47,joint_graph,_sfdp_pattern_5,generated-pattern-family,torch/_inductor/fx_passes/fuse_attention.py,129,supported-pass-disabled-performance-rejected,inherited-upstream-needs-dynamic-validation,not-run,reuse-base-test-design-with-experimental-backend,registered by upstream Inductor; effect may change under NPU lowering/codegen
a16f6d444fb6,joint_graph,_sfdp_pattern_6,generated-pattern-family,torch/_inductor/fx_passes/fuse_attention.py,150,not-run,inherited-upstream-needs-dynamic-validation,not-run,reuse-base-test-design-with-experimental-backend,registered by upstream Inductor; effect may change under NPU lowering/codegen
0e8586b78a46,joint_graph,_sfdp_pattern_7,generated-pattern-family,torch/_inductor/fx_passes/fuse_attention.py,171,not-run,inherited-upstream-needs-dynamic-validation,not-run,reuse-base-test-design-with-experimental-backend,registered by upstream Inductor; effect may change under NPU lowering/codegen
d354d258c0c4,joint_graph,_sfdp_pattern_8,generated-pattern-family,torch/_inductor/fx_passes/fuse_attention.py,208,not-run,inherited-upstream-needs-dynamic-validation,not-run,reuse-base-test-design-with-experimental-backend,registered by upstream Inductor; effect may change under NPU lowering/codegen
8576849296e9,joint_graph,_sfdp_pattern_9,generated-pattern-family,torch/_inductor/fx_passes/fuse_attention.py,237,not-run,inherited-upstream-needs-dynamic-validation,not-run,reuse-base-test-design-with-experimental-backend,registered by upstream Inductor; effect may change under NPU lowering/codegen
9e22edc0553d,joint_graph,_sfdp_pattern_10,generated-pattern-family,torch/_inductor/fx_passes/fuse_attention.py,267,not-run,inherited-upstream-needs-dynamic-validation,not-run,reuse-base-test-design-with-experimental-backend,registered by upstream Inductor; effect may change under NPU lowering/codegen
b356f0dfde05,joint_graph,_sfdp_pattern_11,generated-pattern-family,torch/_inductor/fx_passes/fuse_attention.py,297,not-run,inherited-upstream-needs-dynamic-validation,not-run,reuse-base-test-design-with-experimental-backend,registered by upstream Inductor; effect may change under NPU lowering/codegen
ee2fc34e9bf3,joint_graph,_sfdp_pattern_12,generated-pattern-family,torch/_inductor/fx_passes/fuse_attention.py,318,not-run,inherited-upstream-needs-dynamic-validation,not-run,reuse-base-test-design-with-experimental-backend,registered by upstream Inductor; effect may change under NPU lowering/codegen
5fd78a0d858c,joint_graph,_sfdp_pattern_13,generated-pattern-family,torch/_inductor/fx_passes/fuse_attention.py,341,supported-neutral-resource-beneficial,inherited-upstream-needs-dynamic-validation,not-run,reuse-base-test-design-with-experimental-backend,registered by upstream Inductor; effect may change under NPU lowering/codegen
be44efeeb8ac,joint_graph,_sfdp_pattern_14,generated-pattern-family,torch/_inductor/fx_passes/fuse_attention.py,358,not-run,inherited-upstream-needs-dynamic-validation,not-run,reuse-base-test-design-with-experimental-backend,registered by upstream Inductor; effect may change under NPU lowering/codegen
dc89267a55f5,joint_graph,_sfdp_pattern_15,generated-pattern-family,torch/_inductor/fx_passes/fuse_attention.py,384,not-run,inherited-upstream-needs-dynamic-validation,not-run,reuse-base-test-design-with-experimental-backend,registered by upstream Inductor; effect may change under NPU lowering/codegen
b5c81148a686,joint_graph,_sfdp_pattern_16,generated-pattern-family,torch/_inductor/fx_passes/fuse_attention.py,421,not-run,inherited-upstream-needs-dynamic-validation,not-run,reuse-base-test-design-with-experimental-backend,registered by upstream Inductor; effect may change under NPU lowering/codegen
f3d26a478a36,joint_graph,_sfdp_pattern_17,generated-pattern-family,torch/_inductor/fx_passes/fuse_attention.py,464,not-run,inherited-upstream-needs-dynamic-validation,not-run,reuse-base-test-design-with-experimental-backend,registered by upstream Inductor; effect may change under NPU lowering/codegen
e9277bb3ef71,joint_graph,_sfdp_pattern_18,generated-pattern-family,torch/_inductor/fx_passes/fuse_attention.py,504,not-run,inherited-upstream-needs-dynamic-validation,not-run,reuse-base-test-design-with-experimental-backend,registered by upstream Inductor; effect may change under NPU lowering/codegen
38cb2514a9b6,joint_graph,_sfdp_pattern_19,generated-pattern-family,torch/_inductor/fx_passes/fuse_attention.py,552,not-run,inherited-upstream-needs-dynamic-validation,not-run,reuse-base-test-design-with-experimental-backend,registered by upstream Inductor; effect may change under NPU lowering/codegen
12d6593346ed,joint_graph,_sfdp_pattern_20,generated-pattern-family,torch/_inductor/fx_passes/fuse_attention.py,588,not-run,inherited-upstream-needs-dynamic-validation,not-run,reuse-base-test-design-with-experimental-backend,registered by upstream Inductor; effect may change under NPU lowering/codegen
23c7443bda9e,joint_graph,_sfdp_pattern_21,generated-pattern-family,torch/_inductor/fx_passes/fuse_attention.py,628,not-run,inherited-upstream-needs-dynamic-validation,not-run,reuse-base-test-design-with-experimental-backend,registered by upstream Inductor; effect may change under NPU lowering/codegen
69d80fc9d1d1,joint_graph,_sfdp_pattern_22,generated-pattern-family,torch/_inductor/fx_passes/fuse_attention.py,654,not-run,inherited-upstream-needs-dynamic-validation,not-run,reuse-base-test-design-with-experimental-backend,registered by upstream Inductor; effect may change under NPU lowering/codegen
084d33ddc8a9,joint_graph,_sfdp_pattern_23,generated-pattern-family,torch/_inductor/fx_passes/fuse_attention.py,684,not-run,inherited-upstream-needs-dynamic-validation,not-run,reuse-base-test-design-with-experimental-backend,registered by upstream Inductor; effect may change under NPU lowering/codegen
5bba0a2884b7,joint_graph,_sfdp_pattern_24,generated-pattern-family,torch/_inductor/fx_passes/fuse_attention.py,716,not-run,inherited-upstream-needs-dynamic-validation,not-run,reuse-base-test-design-with-experimental-backend,registered by upstream Inductor; effect may change under NPU lowering/codegen
d380de7512ea,joint_graph,_sfdp_pattern_25,generated-pattern-family,torch/_inductor/fx_passes/fuse_attention.py,752,not-run,inherited-upstream-needs-dynamic-validation,not-run,reuse-base-test-design-with-experimental-backend,registered by upstream Inductor; effect may change under NPU lowering/codegen
3d309bedbafb,joint_graph,_sfdp_pattern_26,generated-pattern-family,torch/_inductor/fx_passes/fuse_attention.py,782,not-run,inherited-upstream-needs-dynamic-validation,not-run,reuse-base-test-design-with-experimental-backend,registered by upstream Inductor; effect may change under NPU lowering/codegen
152a4f6bf23e,joint_graph,_sfdp_pattern_27,generated-pattern-family,torch/_inductor/fx_passes/fuse_attention.py,820,not-run,inherited-upstream-needs-dynamic-validation,not-run,reuse-base-test-design-with-experimental-backend,registered by upstream Inductor; effect may change under NPU lowering/codegen
0f747e528d83,joint_graph,_sfdp_pattern_28,generated-pattern-family,torch/_inductor/fx_passes/fuse_attention.py,857,not-run,inherited-upstream-needs-dynamic-validation,not-run,reuse-base-test-design-with-experimental-backend,registered by upstream Inductor; effect may change under NPU lowering/codegen
571f6fe072bc,joint_graph,_sfdp_pattern_29,generated-pattern-family,torch/_inductor/fx_passes/fuse_attention.py,876,not-run,inherited-upstream-needs-dynamic-validation,not-run,reuse-base-test-design-with-experimental-backend,registered by upstream Inductor; effect may change under NPU lowering/codegen
7cd0f45e864b,joint_graph,_sfdp_pattern_30,generated-pattern-family,torch/_inductor/fx_passes/fuse_attention.py,906,not-run,inherited-upstream-needs-dynamic-validation,not-run,reuse-base-test-design-with-experimental-backend,registered by upstream Inductor; effect may change under NPU lowering/codegen
ce5b3bf69723,joint_graph,early_patterns,pattern-registry,torch/_inductor/fx_passes/joint_graph.py,49,not-run,inherited-upstream-needs-dynamic-validation,not-run,reuse-base-test-design-with-experimental-backend,registered by upstream Inductor; effect may change under NPU lowering/codegen
f818068e387a,joint_graph,patterns,pattern-registry,torch/_inductor/fx_passes/joint_graph.py,50,not-run,inherited-upstream-needs-dynamic-validation,not-run,reuse-base-test-design-with-experimental-backend,registered by upstream Inductor; effect may change under NPU lowering/codegen
179777df07d4,joint_graph,joint_custom_pre_pass,pipeline,torch/_inductor/fx_passes/joint_graph.py,718,not-run,inherited-upstream-needs-dynamic-validation,not-run,reuse-base-test-design-with-experimental-backend,registered by upstream Inductor; effect may change under NPU lowering/codegen
b738f5b04165,joint_graph,remove_noop_ops,pipeline,torch/_inductor/fx_passes/joint_graph.py,725,not-run,inherited-upstream-needs-dynamic-validation,not-run,reuse-base-test-design-with-experimental-backend,registered by upstream Inductor; effect may change under NPU lowering/codegen
faf35cd732df,joint_graph,constant_fold_uniform_value,pipeline,torch/_inductor/fx_passes/joint_graph.py,728,not-run,inherited-upstream-needs-dynamic-validation,not-run,reuse-base-test-design-with-experimental-backend,registered by upstream Inductor; effect may change under NPU lowering/codegen
f0950d1fbb4e,joint_graph,joint_custom_post_pass,pipeline,torch/_inductor/fx_passes/joint_graph.py,763,not-run,inherited-upstream-needs-dynamic-validation,not-run,reuse-base-test-design-with-experimental-backend,registered by upstream Inductor; effect may change under NPU lowering/codegen
f7b3519e94c2,joint_graph,fix_iota_device,pattern-entry,torch/_inductor/fx_passes/joint_graph.py,788,not-run,inherited-upstream-needs-dynamic-validation,not-run,reuse-base-test-design-with-experimental-backend,registered by upstream Inductor; effect may change under NPU lowering/codegen
d843fe6080c0,joint_graph,pointless_convert,pattern-entry,torch/_inductor/fx_passes/joint_graph.py,842,not-run,inherited-upstream-needs-dynamic-validation,not-run,reuse-base-test-design-with-experimental-backend,registered by upstream Inductor; effect may change under NPU lowering/codegen
f7d0a219034c,joint_graph,pointless_view,pattern-entry,torch/_inductor/fx_passes/joint_graph.py,918,not-run,inherited-upstream-needs-dynamic-validation,not-run,reuse-base-test-design-with-experimental-backend,registered by upstream Inductor; effect may change under NPU lowering/codegen
074d746ca30f,joint_graph,pointless_view_pair,pattern-entry,torch/_inductor/fx_passes/joint_graph.py,936,not-run,inherited-upstream-needs-dynamic-validation,not-run,reuse-base-test-design-with-experimental-backend,registered by upstream Inductor; effect may change under NPU lowering/codegen
dc9c63f126be,joint_graph,pointless_permute_pair,pattern-entry,torch/_inductor/fx_passes/joint_graph.py,957,not-run,inherited-upstream-needs-dynamic-validation,not-run,reuse-base-test-design-with-experimental-backend,registered by upstream Inductor; effect may change under NPU lowering/codegen
4477638714b2,joint_graph,bmm_to_mm,pattern-entry,torch/_inductor/fx_passes/joint_graph.py,979,not-run,inherited-upstream-needs-dynamic-validation,not-run,reuse-base-test-design-with-experimental-backend,registered by upstream Inductor; effect may change under NPU lowering/codegen
55a03b46ccdf,joint_graph,mul_softmax_pattern,pattern-entry,torch/_inductor/fx_passes/joint_graph.py,1107,not-run,inherited-upstream-needs-dynamic-validation,not-run,reuse-base-test-design-with-experimental-backend,registered by upstream Inductor; effect may change under NPU lowering/codegen
e4e051e08f22,joint_graph,div_softmax_pattern,pattern-entry,torch/_inductor/fx_passes/joint_graph.py,1142,not-run,inherited-upstream-needs-dynamic-validation,not-run,reuse-base-test-design-with-experimental-backend,registered by upstream Inductor; effect may change under NPU lowering/codegen
d76aec308133,joint_graph,scatter_upon_const_tensor,pattern-entry,torch/_inductor/fx_passes/joint_graph.py,1203,not-run,inherited-upstream-needs-dynamic-validation,not-run,reuse-base-test-design-with-experimental-backend,registered by upstream Inductor; effect may change under NPU lowering/codegen
79a7f46b0054,joint_graph,addmm_pattern,generated-pattern-family,torch/_inductor/fx_passes/pad_mm.py,197,unsupported,inherited-upstream-explicitly-disabled,not-run,disabled-sentinel-only,experimental activation forces shape_padding=False
2f13340f939c,joint_graph,mm_pattern,generated-pattern-family,torch/_inductor/fx_passes/pad_mm.py,812,unsupported,inherited-upstream-explicitly-disabled,not-run,disabled-sentinel-only,experimental activation forces shape_padding=False
95cc946c66b4,joint_graph,bmm_pattern,generated-pattern-family,torch/_inductor/fx_passes/pad_mm.py,885,unsupported,inherited-upstream-explicitly-disabled,not-run,disabled-sentinel-only,experimental activation forces shape_padding=False
d719c97acc32,npu-custom,run_register_pre_custom_passes,extension-function,torch_npu/_inductor/fx_passes/ascend_custom_passes/__init__.py,13,not-run,inactive-not-called-by-experimental-loader,not-run,migration-review,torch_npu pass belongs to another loader unless explicitly migrated
53f13ee0be29,npu-custom,run_register_post_custom_passes,extension-function,torch_npu/_inductor/fx_passes/ascend_custom_passes/__init__.py,28,not-run,inactive-not-called-by-experimental-loader,not-run,migration-review,torch_npu pass belongs to another loader unless explicitly migrated
1f8779b39b11,npu-custom,register_custom_pass,extension-function,torch_npu/_inductor/fx_passes/ascend_custom_passes/register_custom_pass.py,28,not-run,inactive-not-called-by-experimental-loader,not-run,migration-review,torch_npu pass belongs to another loader unless explicitly migrated
77ab01ebab55,npu-dvm,dvm_graph_fusion,backend-graph-pass,torch_npu/_inductor/dvm/graph_fusion.py,345,supported-beneficial,inactive-other-backend,not-run,do-not-run-under-experimental,owned by the DVM/MLIR loader
fa4c20c4d190,npu-dvm-subpass,annotate_mm_transpose_flags,backend-subpass,torch_npu/_inductor/dvm/fx_pass.py,26,supported-neutral,inactive-other-backend,not-run,do-not-run-under-experimental,owned by the DVM/MLIR loader
c0f7332d30d8,npu-dvm-subpass,decompose_k1_matmul_to_mul,backend-subpass,torch_npu/_inductor/dvm/fx_pass.py,70,not-applicable,inactive-other-backend,not-run,do-not-run-under-experimental,owned by the DVM/MLIR loader
fd160bf46176,npu-dvm-subpass,insert_sum_fp32_prepost_cast_prims,backend-subpass,torch_npu/_inductor/dvm/fx_pass.py,117,supported-neutral,inactive-other-backend,not-run,do-not-run-under-experimental,owned by the DVM/MLIR loader
0876a5047d4e,npu-dvm-subpass,insert_promote_cast_by_pos_prims,backend-subpass,torch_npu/_inductor/dvm/fx_pass.py,197,supported-neutral,inactive-other-backend,not-run,do-not-run-under-experimental,owned by the DVM/MLIR loader
a470a4ffac2b,npu-dvm-subpass,expand_to_reshape,backend-subpass,torch_npu/_inductor/dvm/fx_pass.py,251,unsupported,inactive-other-backend,not-run,do-not-run-under-experimental,owned by the DVM/MLIR loader
34bb66a7a4af,npu-mlir,DvmMlirPostGradPass,backend-graph-pass,torch_npu/_inductor/ascend_npu_ir/ascend_npu_ir/npu/npu_inductor_plugin.py,213,supported-neutral,inactive-other-backend,not-run,do-not-run-under-experimental,owned by the DVM/MLIR loader
494a11189064,npu-mlir-subpass,fold_sum_cast_to_dtype,backend-subpass,torch_npu/_inductor/ascend_npu_ir/ascend_npu_ir/npu/utils.py,352,supported-neutral,inactive-other-backend,not-run,do-not-run-under-experimental,owned by the DVM/MLIR loader
3ff8ba2ee50f,npu-pattern,npu_fusion_attention_graph,extension-function,torch_npu/_inductor/fx_passes/pattern_match/npu_fusion_attention_graph.py,160,not-run,inactive-not-called-by-experimental-loader,not-run,migration-review,torch_npu pass belongs to another loader unless explicitly migrated
49b295f7d222,npu-triton-experimental,_elide_int_float_int_roundtrip_pass,extension-function,torch_npu/_inductor/triton_experimental/fx_passes.py,25,not-run,active-experimental-owned,correctness-failed-installed-default-disabled,range-proof-and-output-alias-guard-before-any-default-reenable,T-057 found numerical and output-alias counterexamples; P-016 dedicated wheel verified default-off and late explicit opt-in
2433db3ad18e,npu-triton-experimental,_install_elide_int_float_int_pass,extension-function,torch_npu/_inductor/triton_experimental/fx_passes.py,378,not-run,active-experimental-owned-infrastructure,verified-installed-wheel,none-p016-closed,P-016 source gate and dedicated installed-wheel paths passed
9a69dae46843,npu-triton-experimental,_disable_addmm_fusion_pass,extension-function,torch_npu/_inductor/triton_experimental/fx_passes.py,534,not-run,active-experimental-disabled-gate,verified-installed-wheel-beneficial-host-tail-monitor,host-tail-regression-monitor-only,"P-018 dedicated wheel passed live default/late-optout/restore, 11/11 coverage, and two paired cohorts; device p50/p99 improved while host tail remains monitored"
fec7ab0b45d8,npu-triton-experimental,_disable_pad_mm_pass,extension-function,torch_npu/_inductor/triton_experimental/overrides.py,74,not-run,active-experimental-disabled-gate,not-run,disabled-sentinel-only,sets Inductor shape_padding=False
332956359d38,post_grad,reorder_for_locality,pipeline,torch/_inductor/fx_passes/post_grad.py,196,not-run,inherited-upstream-needs-dynamic-validation,not-run,reuse-base-test-design-with-experimental-backend,registered by upstream Inductor; effect may change under NPU lowering/codegen
fbeedced3149,post_grad,post_grad_custom_pre_pass,pipeline,torch/_inductor/fx_passes/post_grad.py,209,not-run,inherited-upstream-needs-dynamic-validation,not-run,reuse-base-test-design-with-experimental-backend,registered by upstream Inductor; effect may change under NPU lowering/codegen
69d57eacd3f2,post_grad,remove_profiler_ops,pipeline,torch/_inductor/fx_passes/post_grad.py,230,not-run,inherited-upstream-needs-dynamic-validation,not-run,reuse-base-test-design-with-experimental-backend,registered by upstream Inductor; effect may change under NPU lowering/codegen
3bb7ca850f5e,post_grad,respecialize_current_device,pipeline,torch/_inductor/fx_passes/post_grad.py,236,not-run,inherited-upstream-needs-dynamic-validation,not-run,reuse-base-test-design-with-experimental-backend,registered by upstream Inductor; effect may change under NPU lowering/codegen
fbeedced3149,post_grad,post_grad_custom_pre_pass,pipeline,torch/_inductor/fx_passes/post_grad.py,242,not-run,inherited-upstream-needs-dynamic-validation,not-run,reuse-base-test-design-with-experimental-backend,registered by upstream Inductor; effect may change under NPU lowering/codegen
59f3d6f503ce,post_grad,remove_noop_ops,pipeline,torch/_inductor/fx_passes/post_grad.py,245,not-run,inherited-upstream-needs-dynamic-validation,not-run,reuse-base-test-design-with-experimental-backend,registered by upstream Inductor; effect may change under NPU lowering/codegen
cf1e1ff5b835,post_grad,remove_assert_ops,pipeline,torch/_inductor/fx_passes/post_grad.py,246,not-run,inherited-upstream-needs-dynamic-validation,not-run,reuse-base-test-design-with-experimental-backend,registered by upstream Inductor; effect may change under NPU lowering/codegen
9393f1d7491c,post_grad,partitioned_scatter_optimization,pipeline,torch/_inductor/fx_passes/post_grad.py,254,not-run,inherited-upstream-needs-dynamic-validation,not-run,reuse-base-test-design-with-experimental-backend,registered by upstream Inductor; effect may change under NPU lowering/codegen
1b61076f0d1e,post_grad,fuse_ddp_communication,pipeline,torch/_inductor/fx_passes/post_grad.py,286,not-run,inherited-upstream-needs-dynamic-validation,not-run,reuse-base-test-design-with-experimental-backend,registered by upstream Inductor; effect may change under NPU lowering/codegen
f435e9d2530a,post_grad,post_grad_custom_post_pass,pipeline,torch/_inductor/fx_passes/post_grad.py,301,not-run,inherited-upstream-needs-dynamic-validation,not-run,reuse-base-test-design-with-experimental-backend,registered by upstream Inductor; effect may change under NPU lowering/codegen
fd7e19a3fcb9,post_grad,chain_random_ops_ordering,pipeline,torch/_inductor/fx_passes/post_grad.py,306,not-run,inherited-upstream-needs-dynamic-validation,not-run,reuse-base-test-design-with-experimental-backend,registered by upstream Inductor; effect may change under NPU lowering/codegen
2b2f82ef4630,post_grad,stable_sort,pipeline,torch/_inductor/fx_passes/post_grad.py,310,not-run,inherited-upstream-needs-dynamic-validation,not-run,reuse-base-test-design-with-experimental-backend,registered by upstream Inductor; effect may change under NPU lowering/codegen
e19211cbb281,post_grad,move_constructors_to_cuda,pipeline,torch/_inductor/fx_passes/post_grad.py,312,not-run,inherited-upstream-needs-dynamic-validation,not-run,reuse-base-test-design-with-experimental-backend,registered by upstream Inductor; effect may change under NPU lowering/codegen
3891182bb842,post_grad,decomp_comms,pipeline,torch/_inductor/fx_passes/post_grad.py,337,not-run,inherited-upstream-needs-dynamic-validation,not-run,reuse-base-test-design-with-experimental-backend,registered by upstream Inductor; effect may change under NPU lowering/codegen
77f4c06ecdf2,post_grad,dedup_reduce_scatters,pipeline,torch/_inductor/fx_passes/post_grad.py,344,not-run,inherited-upstream-needs-dynamic-validation,not-run,reuse-base-test-design-with-experimental-backend,registered by upstream Inductor; effect may change under NPU lowering/codegen
5892276904cc,post_grad,bucket_reduce_scatters,pipeline,torch/_inductor/fx_passes/post_grad.py,357,not-run,inherited-upstream-needs-dynamic-validation,not-run,reuse-base-test-design-with-experimental-backend,registered by upstream Inductor; effect may change under NPU lowering/codegen
5c1d43ad2ce6,post_grad,bucket_all_reduce,pipeline,torch/_inductor/fx_passes/post_grad.py,369,not-run,inherited-upstream-needs-dynamic-validation,not-run,reuse-base-test-design-with-experimental-backend,registered by upstream Inductor; effect may change under NPU lowering/codegen
f4b58b847fca,post_grad,bucket_all_gathers,pipeline,torch/_inductor/fx_passes/post_grad.py,389,not-run,inherited-upstream-needs-dynamic-validation,not-run,reuse-base-test-design-with-experimental-backend,registered by upstream Inductor; effect may change under NPU lowering/codegen
7e6209f5de7f,post_grad,overlap_scheduling,pipeline,torch/_inductor/fx_passes/post_grad.py,447,not-run,inherited-upstream-needs-dynamic-validation,not-run,reuse-base-test-design-with-experimental-backend,registered by upstream Inductor; effect may change under NPU lowering/codegen
a3b2e653404d,post_grad,replace_collectives_with_low_contention,pipeline,torch/_inductor/fx_passes/post_grad.py,458,not-run,inherited-upstream-needs-dynamic-validation,not-run,reuse-base-test-design-with-experimental-backend,registered by upstream Inductor; effect may change under NPU lowering/codegen
60fbcd6201d9,post_grad,reinplace_inplaceable_ops,pipeline,torch/_inductor/fx_passes/post_grad.py,464,not-run,inherited-upstream-needs-dynamic-validation,not-run,reuse-base-test-design-with-experimental-backend,registered by upstream Inductor; effect may change under NPU lowering/codegen
ae10227cf50e,post_grad,fix_auto_functionalized_dtype_views,pipeline,torch/_inductor/fx_passes/post_grad.py,469,not-run,inherited-upstream-needs-dynamic-validation,not-run,reuse-base-test-design-with-experimental-backend,registered by upstream Inductor; effect may change under NPU lowering/codegen
ee968bf9d2ff,post_grad,decompose_triton_kernel_wrapper_functional,pipeline,torch/_inductor/fx_passes/post_grad.py,473,not-run,inherited-upstream-needs-dynamic-validation,not-run,reuse-base-test-design-with-experimental-backend,registered by upstream Inductor; effect may change under NPU lowering/codegen
0ed026651930,post_grad,decompose_auto_functionalized,pipeline,torch/_inductor/fx_passes/post_grad.py,476,not-run,inherited-upstream-needs-dynamic-validation,not-run,reuse-base-test-design-with-experimental-backend,registered by upstream Inductor; effect may change under NPU lowering/codegen
8aa533dd096d,post_grad,decompose_scan_to_while_loop,pipeline,torch/_inductor/fx_passes/post_grad.py,479,not-run,inherited-upstream-needs-dynamic-validation,not-run,reuse-base-test-design-with-experimental-backend,registered by upstream Inductor; effect may change under NPU lowering/codegen
0f911c15a575,post_grad,decompose_map_to_while_loop,pipeline,torch/_inductor/fx_passes/post_grad.py,482,not-run,inherited-upstream-needs-dynamic-validation,not-run,reuse-base-test-design-with-experimental-backend,registered by upstream Inductor; effect may change under NPU lowering/codegen
ea5af77d58bb,post_grad,graph_pass,pattern-registry,torch/_inductor/fx_passes/post_grad.py,525,not-run,inherited-upstream-needs-dynamic-validation,not-run,reuse-base-test-design-with-experimental-backend,registered by upstream Inductor; effect may change under NPU lowering/codegen
90f50af4d121,post_grad,decompose_map_to_while_loop._,pattern-entry,torch/_inductor/fx_passes/post_grad.py,532,not-run,inherited-upstream-needs-dynamic-validation,not-run,reuse-base-test-design-with-experimental-backend,registered by upstream Inductor; effect may change under NPU lowering/codegen
ea5af77d58bb,post_grad,graph_pass,pattern-registry,torch/_inductor/fx_passes/post_grad.py,718,not-run,inherited-upstream-needs-dynamic-validation,not-run,reuse-base-test-design-with-experimental-backend,registered by upstream Inductor; effect may change under NPU lowering/codegen
e474fbcf9c41,post_grad,decompose_scan_to_while_loop._,pattern-entry,torch/_inductor/fx_passes/post_grad.py,725,not-run,inherited-upstream-needs-dynamic-validation,not-run,reuse-base-test-design-with-experimental-backend,registered by upstream Inductor; effect may change under NPU lowering/codegen
2372ae0aacd5,post_grad,prepare_softmax_pattern,replacement-entry,torch/_inductor/fx_passes/post_grad.py,873,not-run,inherited-upstream-needs-dynamic-validation,not-run,reuse-base-test-design-with-experimental-backend,registered by upstream Inductor; effect may change under NPU lowering/codegen
a9b7cb230d3d,post_grad,mm_plus_mm,pattern-entry,torch/_inductor/fx_passes/post_grad.py,1016,conditional-supported-beneficial,inherited-upstream-needs-dynamic-validation,not-run,reuse-base-test-design-with-experimental-backend,registered by upstream Inductor; effect may change under NPU lowering/codegen
a08d46d5c1b1,post_grad,pointless_cumsum_replacement,pattern-entry,torch/_inductor/fx_passes/post_grad.py,1039,not-run,inherited-upstream-needs-dynamic-validation,not-run,reuse-base-test-design-with-experimental-backend,registered by upstream Inductor; effect may change under NPU lowering/codegen
fca059732949,post_grad,cat_slice_cat,pattern-entry,torch/_inductor/fx_passes/post_grad.py,1089,not-run,inherited-upstream-needs-dynamic-validation,not-run,reuse-base-test-design-with-experimental-backend,registered by upstream Inductor; effect may change under NPU lowering/codegen
ea5af77d58bb,post_grad,graph_pass,pattern-registry,torch/_inductor/fx_passes/post_grad.py,1485,not-run,inherited-upstream-needs-dynamic-validation,not-run,reuse-base-test-design-with-experimental-backend,registered by upstream Inductor; effect may change under NPU lowering/codegen
3a442aaf816c,post_grad,decompose_triton_kernel_wrapper_functional._,pattern-entry,torch/_inductor/fx_passes/post_grad.py,1492,not-run,inherited-upstream-needs-dynamic-validation,not-run,reuse-base-test-design-with-experimental-backend,registered by upstream Inductor; effect may change under NPU lowering/codegen
ea5af77d58bb,post_grad,graph_pass,pattern-registry,torch/_inductor/fx_passes/post_grad.py,1579,not-run,inherited-upstream-needs-dynamic-validation,not-run,reuse-base-test-design-with-experimental-backend,registered by upstream Inductor; effect may change under NPU lowering/codegen
ebd427f76b31,post_grad,decompose_auto_functionalized._,pattern-entry,torch/_inductor/fx_passes/post_grad.py,1586,not-run,inherited-upstream-needs-dynamic-validation,not-run,reuse-base-test-design-with-experimental-backend,registered by upstream Inductor; effect may change under NPU lowering/codegen
ebd427f76b31,post_grad,decompose_auto_functionalized._,pattern-entry,torch/_inductor/fx_passes/post_grad.py,1613,not-run,inherited-upstream-needs-dynamic-validation,not-run,reuse-base-test-design-with-experimental-backend,registered by upstream Inductor; effect may change under NPU lowering/codegen
0dbe14bdcb4b,post_grad,splitwithsizes_cat_replace,pattern-entry,torch/_inductor/fx_passes/post_grad.py,1731,not-run,inherited-upstream-needs-dynamic-validation,not-run,reuse-base-test-design-with-experimental-backend,registered by upstream Inductor; effect may change under NPU lowering/codegen
a40c88bc57d2,post_grad,cat_splitwithsizes_replace,pattern-entry,torch/_inductor/fx_passes/post_grad.py,1786,not-run,inherited-upstream-needs-dynamic-validation,not-run,reuse-base-test-design-with-experimental-backend,registered by upstream Inductor; effect may change under NPU lowering/codegen
a2808e257578,post_grad,reciprocal_sqrt_to_rsqrt,pattern-entry,torch/_inductor/fx_passes/post_grad.py,1800,not-run,inherited-upstream-needs-dynamic-validation,not-run,reuse-base-test-design-with-experimental-backend,registered by upstream Inductor; effect may change under NPU lowering/codegen
933e06d73344,post_grad,unfuse_bias_add_to_pointwise,pattern-entry,torch/_inductor/fx_passes/post_grad.py,1905,not-run,inherited-upstream-needs-dynamic-validation,not-run,reuse-base-test-design-with-experimental-backend,registered by upstream Inductor; effect may change under NPU lowering/codegen
aa586fbf9c5c,post_grad,unfuse_bias_baddbmm_to_pointwise,pattern-entry,torch/_inductor/fx_passes/post_grad.py,1955,not-run,inherited-upstream-needs-dynamic-validation,not-run,reuse-base-test-design-with-experimental-backend,registered by upstream Inductor; effect may change under NPU lowering/codegen
ae25cdda35b0,post_grad,addmm,pattern-entry,torch/_inductor/fx_passes/post_grad.py,2033,supported-beneficial,inherited-upstream-explicitly-disabled,not-run,disabled-sentinel-then-test-only-enable,experimental activation replaces matching addmm extra_check with False
f93122e534b3,post_grad,_fuse_addcdiv_to_fma,pattern-entry,torch/_inductor/fx_passes/post_grad.py,2078,not-run,inherited-upstream-needs-dynamic-validation,not-run,reuse-base-test-design-with-experimental-backend,registered by upstream Inductor; effect may change under NPU lowering/codegen
d3cf807b12c4,post_grad,reuse_partial,pattern-entry,torch/_inductor/fx_passes/post_grad.py,2119,not-run,inherited-upstream-needs-dynamic-validation,not-run,reuse-base-test-design-with-experimental-backend,registered by upstream Inductor; effect may change under NPU lowering/codegen
b9dd52e975d9,post_grad,fold_four_op_pass,npu-custom-pass,torch_npu/_inductor/fx_passes/ascend_custom_passes/ascend_graph_pass.py,217,not-run,inactive-not-called-by-experimental-loader,not-run,migration-review,torch_npu pass belongs to another loader unless explicitly migrated
7b6286bf0999,post_grad,fold_cast,npu-custom-pass,torch_npu/_inductor/fx_passes/ascend_custom_passes/ascend_graph_pass.py,265,not-run,inactive-not-called-by-experimental-loader,not-run,migration-review,torch_npu pass belongs to another loader unless explicitly migrated
365071034d2b,post_grad,fold_cat,npu-custom-pass,torch_npu/_inductor/fx_passes/ascend_custom_passes/ascend_graph_pass.py,293,supported-beneficial,inactive-not-called-by-experimental-loader,not-run,migration-review,torch_npu pass belongs to another loader unless explicitly migrated
e0676650acaa,post_grad,fold_clone,npu-custom-pass,torch_npu/_inductor/fx_passes/ascend_custom_passes/ascend_graph_pass.py,350,not-run,inactive-not-called-by-experimental-loader,not-run,migration-review,torch_npu pass belongs to another loader unless explicitly migrated
e4740635d018,post_grad,fold_detach,npu-custom-pass,torch_npu/_inductor/fx_passes/ascend_custom_passes/ascend_graph_pass.py,388,not-run,inactive-not-called-by-experimental-loader,not-run,migration-review,torch_npu pass belongs to another loader unless explicitly migrated
1867e9118b95,post_grad,fold_expand,npu-custom-pass,torch_npu/_inductor/fx_passes/ascend_custom_passes/ascend_graph_pass.py,407,not-run,inactive-not-called-by-experimental-loader,not-run,migration-review,torch_npu pass belongs to another loader unless explicitly migrated
00d8af49888a,post_grad,fold_reduce,npu-custom-pass,torch_npu/_inductor/fx_passes/ascend_custom_passes/ascend_graph_pass.py,449,supported-pass-disabled-performance-rejected,inactive-not-called-by-experimental-loader,not-run,migration-review,torch_npu pass belongs to another loader unless explicitly migrated
a1f6a59d9de1,post_grad,fold_sink_view,npu-custom-pass,torch_npu/_inductor/fx_passes/ascend_custom_passes/ascend_graph_pass.py,480,not-run,inactive-not-called-by-experimental-loader,not-run,migration-review,torch_npu pass belongs to another loader unless explicitly migrated
c7bba487569d,post_grad,fold_slice,npu-custom-pass,torch_npu/_inductor/fx_passes/ascend_custom_passes/ascend_graph_pass.py,586,not-run,inactive-not-called-by-experimental-loader,not-run,migration-review,torch_npu pass belongs to another loader unless explicitly migrated
194a456e2f95,post_grad,fold_squeeze,npu-custom-pass,torch_npu/_inductor/fx_passes/ascend_custom_passes/ascend_graph_pass.py,606,not-run,inactive-not-called-by-experimental-loader,not-run,migration-review,torch_npu pass belongs to another loader unless explicitly migrated
3fc1c8c21ee3,post_grad,fold_to_copy,npu-custom-pass,torch_npu/_inductor/fx_passes/ascend_custom_passes/ascend_graph_pass.py,639,not-run,inactive-not-called-by-experimental-loader,not-run,migration-review,torch_npu pass belongs to another loader unless explicitly migrated
1766db4d1343,post_grad,view_fold_pass,npu-custom-pass,torch_npu/_inductor/fx_passes/ascend_custom_passes/ascend_graph_pass.py,703,not-run,inactive-not-called-by-experimental-loader,not-run,migration-review,torch_npu pass belongs to another loader unless explicitly migrated
3a7ccf1b83a8,post_grad,fold_where,npu-custom-pass,torch_npu/_inductor/fx_passes/ascend_custom_passes/ascend_graph_pass.py,753,supported-neutral,inactive-not-called-by-experimental-loader,not-run,migration-review,torch_npu pass belongs to another loader unless explicitly migrated
ca5e77d357d4,post_grad,fold_redundant_ops,npu-custom-pass,torch_npu/_inductor/fx_passes/ascend_custom_passes/ascend_graph_pass.py,779,not-run,inactive-not-called-by-experimental-loader,not-run,migration-review,torch_npu pass belongs to another loader unless explicitly migrated
6ae1e7b72b49,post_grad,cat_to_view_pass,npu-custom-pass,torch_npu/_inductor/fx_passes/ascend_custom_passes/ascend_graph_pass.py,940,supported-neutral-resource-beneficial,inactive-not-called-by-experimental-loader,not-run,migration-review,torch_npu pass belongs to another loader unless explicitly migrated
5c9c22abceab,post_grad,repeat_to_expand_pass,npu-custom-pass,torch_npu/_inductor/fx_passes/ascend_custom_passes/ascend_graph_pass.py,1172,not-run,inactive-not-called-by-experimental-loader,not-run,migration-review,torch_npu pass belongs to another loader unless explicitly migrated
8ee9e84ccba6,post_grad,fold_iota_arithmetic_pass,npu-custom-pass,torch_npu/_inductor/fx_passes/ascend_custom_passes/ascend_graph_pass.py,1433,supported-beneficial,inactive-not-called-by-experimental-loader,not-run,migration-review,torch_npu pass belongs to another loader unless explicitly migrated
21e9122b4c50,post_grad,broadcast_const_mask_compress,npu-custom-pass,torch_npu/_inductor/fx_passes/ascend_custom_passes/ascend_graph_pass.py,1572,supported-neutral,inactive-not-called-by-experimental-loader,not-run,migration-review,torch_npu pass belongs to another loader unless explicitly migrated
76c60fcaa82c,post_grad,masked_add_compose_pass,npu-custom-pass,torch_npu/_inductor/fx_passes/ascend_custom_passes/ascend_graph_pass.py,1727,supported-neutral,inactive-not-called-by-experimental-loader,not-run,migration-review,torch_npu pass belongs to another loader unless explicitly migrated
338fbaf80d51,post_grad,bool_cast_mul_to_where_pass,npu-custom-pass,torch_npu/_inductor/fx_passes/ascend_custom_passes/ascend_graph_pass.py,1871,supported-beneficial,inactive-not-called-by-experimental-loader,not-run,migration-review,torch_npu pass belongs to another loader unless explicitly migrated
6ca9ff1d9090,post_grad,sign_diff_hamming_fuse_pass,npu-custom-pass,torch_npu/_inductor/fx_passes/ascend_custom_passes/ascend_graph_pass.py,2005,supported-neutral,inactive-not-called-by-experimental-loader,not-run,migration-review,torch_npu pass belongs to another loader unless explicitly migrated
8aaf3faad8d5,post_grad,batch_embedding_fusion_pass,npu-custom-pass,torch_npu/_inductor/fx_passes/ascend_custom_passes/ascend_graph_pass.py,2547,supported-neutral-resource-beneficial,inactive-not-called-by-experimental-loader,not-run,migration-review,torch_npu pass belongs to another loader unless explicitly migrated
e5cf645a97a3,post_grad,fused_matmul_relu_pass,npu-custom-pass,torch_npu/_inductor/fx_passes/ascend_custom_passes/ascend_graph_pass.py,2821,not-applicable,inactive-not-called-by-experimental-loader,not-run,migration-review,torch_npu pass belongs to another loader unless explicitly migrated
1683aee9ad71,pre_grad,apply_gumbel_max_trick_pass,pattern-registry,torch/_inductor/fx_passes/pre_grad.py,48,not-run,inherited-upstream-needs-dynamic-validation,not-run,reuse-base-test-design-with-experimental-backend,registered by upstream Inductor; effect may change under NPU lowering/codegen
98d23bb411cf,pre_grad,efficient_conv_bn_eval_pass,pattern-registry,torch/_inductor/fx_passes/pre_grad.py,52,not-run,inherited-upstream-needs-dynamic-validation,not-run,reuse-base-test-design-with-experimental-backend,registered by upstream Inductor; effect may change under NPU lowering/codegen
99d639de9681,pre_grad,fuse_split_linear_add_pass,pattern-registry,torch/_inductor/fx_passes/pre_grad.py,56,not-run,inherited-upstream-needs-dynamic-validation,not-run,reuse-base-test-design-with-experimental-backend,registered by upstream Inductor; effect may change under NPU lowering/codegen
b969cc70d8e5,pre_grad,fuse_chunk_squeeze_cat_pass,pattern-registry,torch/_inductor/fx_passes/pre_grad.py,59,not-run,inherited-upstream-needs-dynamic-validation,not-run,reuse-base-test-design-with-experimental-backend,registered by upstream Inductor; effect may change under NPU lowering/codegen
1578bddc9bef,pre_grad,remove_reshape_pass,pattern-registry,torch/_inductor/fx_passes/pre_grad.py,62,not-run,inherited-upstream-needs-dynamic-validation,not-run,reuse-base-test-design-with-experimental-backend,registered by upstream Inductor; effect may change under NPU lowering/codegen
4ea012b46396,pre_grad,normalization_pass_aten,pattern-registry,torch/_inductor/fx_passes/pre_grad.py,67,not-run,inherited-upstream-needs-dynamic-validation,not-run,reuse-base-test-design-with-experimental-backend,registered by upstream Inductor; effect may change under NPU lowering/codegen
cf20bf0fe6ca,pre_grad,merge_splits_pass_aten,pattern-registry,torch/_inductor/fx_passes/pre_grad.py,68,not-run,inherited-upstream-needs-dynamic-validation,not-run,reuse-base-test-design-with-experimental-backend,registered by upstream Inductor; effect may change under NPU lowering/codegen
43bcc9cd8da8,pre_grad,split_cat_pass_aten,pattern-registry,torch/_inductor/fx_passes/pre_grad.py,69,not-run,inherited-upstream-needs-dynamic-validation,not-run,reuse-base-test-design-with-experimental-backend,registered by upstream Inductor; effect may change under NPU lowering/codegen
4dabbab60e25,pre_grad,unbind_stack_pass_aten,pattern-registry,torch/_inductor/fx_passes/pre_grad.py,70,not-run,inherited-upstream-needs-dynamic-validation,not-run,reuse-base-test-design-with-experimental-backend,registered by upstream Inductor; effect may change under NPU lowering/codegen
168296afc935,pre_grad,merge_getitem_cat_pass_aten,pattern-registry,torch/_inductor/fx_passes/pre_grad.py,71,not-run,inherited-upstream-needs-dynamic-validation,not-run,reuse-base-test-design-with-experimental-backend,registered by upstream Inductor; effect may change under NPU lowering/codegen
0cfd0d2f526e,pre_grad,merge_stack_tahn_unbind_pass_aten,pattern-registry,torch/_inductor/fx_passes/pre_grad.py,74,not-run,inherited-upstream-needs-dynamic-validation,not-run,reuse-base-test-design-with-experimental-backend,registered by upstream Inductor; effect may change under NPU lowering/codegen
619c9fd8bc64,pre_grad,mutate_cat_pass_aten,pattern-registry,torch/_inductor/fx_passes/pre_grad.py,77,not-run,inherited-upstream-needs-dynamic-validation,not-run,reuse-base-test-design-with-experimental-backend,registered by upstream Inductor; effect may change under NPU lowering/codegen
961c767e4f45,pre_grad,remove_split_with_size_one_pass_aten,pattern-registry,torch/_inductor/fx_passes/pre_grad.py,78,not-run,inherited-upstream-needs-dynamic-validation,not-run,reuse-base-test-design-with-experimental-backend,registered by upstream Inductor; effect may change under NPU lowering/codegen
98db82e97dfc,pre_grad,group_batch_fusion_passes,pipeline,torch/_inductor/fx_passes/pre_grad.py,379,not-run,inherited-upstream-needs-dynamic-validation,not-run,reuse-base-test-design-with-experimental-backend,registered by upstream Inductor; effect may change under NPU lowering/codegen
9ccc7e147da6,pre_grad,efficient_conv_bn_eval_pass,pipeline,torch/_inductor/fx_passes/pre_grad.py,415,not-run,inherited-upstream-needs-dynamic-validation,not-run,reuse-base-test-design-with-experimental-backend,registered by upstream Inductor; effect may change under NPU lowering/codegen
41941f36e027,pre_grad,apply_gumbel_max_trick_pass,pipeline,torch/_inductor/fx_passes/pre_grad.py,418,not-run,inherited-upstream-needs-dynamic-validation,not-run,reuse-base-test-design-with-experimental-backend,registered by upstream Inductor; effect may change under NPU lowering/codegen
75b42df7157e,pre_grad,pre_grad_custom_pass,pipeline,torch/_inductor/fx_passes/pre_grad.py,423,not-run,inherited-upstream-needs-dynamic-validation,not-run,reuse-base-test-design-with-experimental-backend,registered by upstream Inductor; effect may change under NPU lowering/codegen
42f442cea77f,pre_grad,linear_permute_fusion,pipeline,torch/_inductor/fx_passes/pre_grad.py,466,not-run,inherited-upstream-needs-dynamic-validation,not-run,reuse-base-test-design-with-experimental-backend,registered by upstream Inductor; effect may change under NPU lowering/codegen
0e5be88aa91f,pre_grad,permute_linear_fusion,pipeline,torch/_inductor/fx_passes/pre_grad.py,468,not-run,inherited-upstream-needs-dynamic-validation,not-run,reuse-base-test-design-with-experimental-backend,registered by upstream Inductor; effect may change under NPU lowering/codegen
cf0f550d9def,pre_grad,permute_matmul_fusion,pipeline,torch/_inductor/fx_passes/pre_grad.py,470,not-run,inherited-upstream-needs-dynamic-validation,not-run,reuse-base-test-design-with-experimental-backend,registered by upstream Inductor; effect may change under NPU lowering/codegen
b3d1d861e2fa,pre_grad,remove_identity,pipeline,torch/_inductor/fx_passes/pre_grad.py,477,not-run,inherited-upstream-needs-dynamic-validation,not-run,reuse-base-test-design-with-experimental-backend,registered by upstream Inductor; effect may change under NPU lowering/codegen
ba020103f31f,pre_grad,fuse_conv_bn,pipeline,torch/_inductor/fx_passes/pre_grad.py,479,not-run,inherited-upstream-needs-dynamic-validation,not-run,reuse-base-test-design-with-experimental-backend,registered by upstream Inductor; effect may change under NPU lowering/codegen
2f0ee8b5ada8,pre_grad,cat_slice_cat_fold_pass,npu-custom-pass,torch_npu/_inductor/fx_passes/ascend_custom_passes/ascend_graph_pass.py,113,supported-beneficial,inactive-not-called-by-experimental-loader,not-run,migration-review,torch_npu pass belongs to another loader unless explicitly migrated
e135637039da,pre_grad,pad_slice_fold,npu-custom-pass,torch_npu/_inductor/fx_passes/ascend_custom_passes/ascend_graph_pass.py,207,supported-beneficial,inactive-not-called-by-experimental-loader,not-run,migration-review,torch_npu pass belongs to another loader unless explicitly migrated
7d4e2bb280ac,pre_grad,dtype_optimal_pass,npu-custom-pass,torch_npu/_inductor/fx_passes/ascend_custom_passes/ascend_graph_pass.py,844,supported-beneficial,inactive-not-called-by-experimental-loader,not-run,migration-review,torch_npu pass belongs to another loader unless explicitly migrated
5bee89d20291,pre_grad,fusion_attention_v3_pass,npu-custom-pass,torch_npu/_inductor/fx_passes/ascend_custom_passes/ascend_graph_pass.py,916,supported-pass-disabled-performance-rejected,inactive-not-called-by-experimental-loader,not-run,migration-review,torch_npu pass belongs to another loader unless explicitly migrated
