scope,name,default,classification,reference_count,binding_mode,reference_sites,audit_status
module,rsplit_outer,True,boolean-transform-or-runtime-gate,1,import-time-snapshot,codegen/triton.py:823,not-an-independent-pass
module,rewrite_int1_cast_as_ne,True,boolean-transform-or-runtime-gate,1,import-time-snapshot,codegen/triton.py:910,not-an-independent-pass
module,select_extract_slice,True,boolean-transform-or-runtime-gate,3,live-read,codegen/triton.py:1791;codegen/triton.py:2942;codegen/triton.py:4327,not-an-independent-pass
module,select_extract_slice_strided,True,boolean-transform-or-runtime-gate,1,live-read,codegen/triton.py:4398,not-an-independent-pass
module,cann_index_select,True,boolean-transform-or-runtime-gate,2,live-read,codegen/triton.py:2952;lowering.py:207,not-an-independent-pass
module,fold_fused_mod,True,boolean-transform-or-runtime-gate,1,live-read,codegen/triton.py:2138,not-an-independent-pass
module,fold_dualview_rnode,True,boolean-transform-or-runtime-gate,2,live-read,codegen/triton.py:2380;codegen/triton.py:6680,not-an-independent-pass
module,split_strided_pointwise,True,boolean-transform-or-runtime-gate,1,live-read,codegen/triton.py:2823,not-an-independent-pass
module,no_fuse_permuted_store,True,boolean-transform-or-runtime-gate,1,live-read,codegen/triton.py:4904,not-an-independent-pass
module,fold_transposed_xnode,True,boolean-transform-or-runtime-gate,1,live-read,codegen/triton.py:6113,not-an-independent-pass
module,fold_dual_decomp,True,boolean-transform-or-runtime-gate,1,live-read,codegen/triton.py:6191,not-an-independent-pass
module,fold_flat_rnode,True,boolean-transform-or-runtime-gate,3,live-read,codegen/triton.py:5917;codegen/triton.py:6197;codegen/triton.py:6209,not-an-independent-pass
module,expand_divmod,True,boolean-transform-or-runtime-gate,1,live-read,codegen/triton.py:6262,not-an-independent-pass
module,collapse_xtree,True,boolean-transform-or-runtime-gate,1,live-read,codegen/triton.py:6271,not-an-independent-pass
module,scalar_odometer_axes,True,boolean-transform-or-runtime-gate,1,live-read,codegen/triton.py:182,not-an-independent-pass
module,scalar_odo_in_reduction,True,boolean-transform-or-runtime-gate,1,live-read,codegen/triton.py:191,not-an-independent-pass
module,rtree_real_block_autotune,True,boolean-transform-or-runtime-gate,2,live-read,codegen/triton.py:298;codegen/triton.py:6359,not-an-independent-pass
module,split_root_modulo,True,boolean-transform-or-runtime-gate,1,live-read,codegen/triton.py:2682,not-an-independent-pass
module,split_reduction_modulo,True,boolean-transform-or-runtime-gate,1,live-read,codegen/triton.py:2669,not-an-independent-pass
module,skip_redundant_broadcast,True,boolean-transform-or-runtime-gate,1,live-read,codegen/triton.py:3194,not-an-independent-pass
module,realize_strided_slice_input,True,boolean-transform-or-runtime-gate,1,live-read,lowering.py:261,not-an-independent-pass
module,realize_tail_bcast,True,boolean-transform-or-runtime-gate,1,live-read,lowering.py:366,not-an-independent-pass
module,reduce_xblock_by_input_stride,True,boolean-transform-or-runtime-gate,1,live-read,codegen/npu_header.py:253,not-an-independent-pass
module,unify_block,True,boolean-transform-or-runtime-gate,1,live-read,codegen/npu_header.py:341,not-an-independent-pass
module,pad_min_block_to_8,True,boolean-transform-or-runtime-gate,1,live-read,codegen/npu_header.py:573,not-an-independent-pass
module,odometer_opt,True,boolean-transform-or-runtime-gate,1,live-read,codegen/npu_header.py:661,not-an-independent-pass
module,reassociate_sum_of_add,True,boolean-transform-or-runtime-gate,0,none,,declared-unused
module,elide_int_float_int,False,boolean-transform-or-runtime-gate,2,live-read,fx_passes.py:49;fx_passes.py:382,not-an-independent-pass
module,fold_max1_in_loop_merge,True,boolean-transform-or-runtime-gate,1,live-read,fx_passes.py:439,not-an-independent-pass
module,int64_boundary_cast,True,boolean-transform-or-runtime-gate,1,import-time-snapshot,npu_triton_heuristics.py:1415,not-an-independent-pass
module,dedup_downcast,True,boolean-transform-or-runtime-gate,1,import-time-snapshot,npu_triton_heuristics.py:1437,not-an-independent-pass
module,group_dispatch,True,boolean-transform-or-runtime-gate,1,import-time-snapshot,npu_triton_heuristics.py:1390,not-an-independent-pass
module,disable_recursive_dict_tag_guards,True,negative-feature-gate,1,live-read,overrides.py:64,not-an-independent-pass
module,disable_pad_mm,True,negative-feature-gate,1,live-read,overrides.py:80,not-an-independent-pass
module,disable_addmm_fusion,False,negative-feature-gate,3,live-read,fx_passes.py:560;fx_passes.py:569;fx_passes.py:574,not-an-independent-pass
module,enable_mspti,True,enable-or-debug-gate,1,live-read,npu_triton_heuristics.py:122,not-an-independent-pass
module,autotune_mspti,True,enable-or-debug-gate,2,live-read,npu_triton_heuristics.py:87;npu_triton_heuristics.py:102,not-an-independent-pass
module,codegen_linearize,True,boolean-transform-or-runtime-gate,1,import-time-snapshot,codegen/triton.py:78,not-an-independent-pass
module,all_blocks_parallel,True,boolean-transform-or-runtime-gate,2,import-time-snapshot+live-read,npu_triton_heuristics.py:1400;npu_triton_heuristics.py:1791,not-an-independent-pass
module,autotune_enhance,True,boolean-transform-or-runtime-gate,1,import-time-snapshot,npu_triton_heuristics.py:1389,not-an-independent-pass
module,autotune_fallback,False,boolean-transform-or-runtime-gate,4,live-read,npu_triton_heuristics.py:1867;npu_triton_heuristics.py:1871;npu_triton_heuristics.py:2381;npu_triton_heuristics.py:2385,not-an-independent-pass
module,elide_reduction_where,True,boolean-transform-or-runtime-gate,2,import-time-snapshot,codegen/triton.py:155;npu_triton_heuristics.py:1395,not-an-independent-pass
module,inject_care_padding,False,boolean-transform-or-runtime-gate,1,import-time-snapshot,codegen/triton.py:815,not-an-independent-pass
module,refactor_clamp_stride,False,boolean-transform-or-runtime-gate,1,import-time-snapshot,codegen/triton.py:830,not-an-independent-pass
module,realize_permute_gather,True,boolean-transform-or-runtime-gate,1,live-read,lowering.py:425,not-an-independent-pass
module,rtree_real_block,True,boolean-transform-or-runtime-gate,1,live-read,codegen/triton.py:6280,not-an-independent-pass
module,flatten_small_outer_rnodes,False,boolean-transform-or-runtime-gate,1,live-read,codegen/triton.py:6710,not-an-independent-pass
module,mask_cmp_fp32,False,boolean-transform-or-runtime-gate,1,import-time-snapshot,codegen/npu_header.py:23,not-an-independent-pass
module,scalar_odo_budget,1024,tuning-knob,1,live-read,codegen/triton.py:216,not-an-independent-pass
module,max_fused_reads,24,tuning-knob,1,live-read,codegen/triton.py:4920,not-an-independent-pass
module,rtree_real_block_cap,2048,tuning-knob,1,live-read,codegen/triton.py:6309,not-an-independent-pass
module,tail_bcast_min_vec,8,tuning-knob,1,import-time-snapshot,lowering.py:335,not-an-independent-pass
module,pointwise_tile_max,65536,tuning-knob,1,live-read,npu_triton_heuristics.py:2124,not-an-independent-pass
module,tile_align,8,tuning-knob,2,live-read,codegen/npu_header.py:286;codegen/npu_header.py:287,not-an-independent-pass
module,balanced_target,0,tuning-knob,1,live-read,codegen/npu_header.py:398,not-an-independent-pass
module,mspti_warmup,5,tuning-knob,1,live-read,npu_triton_heuristics.py:1167,not-an-independent-pass
module,mspti_active,20,tuning-knob,1,live-read,npu_triton_heuristics.py:1168,not-an-independent-pass
module,event_bench_max_inner,256,tuning-knob,1,live-read,npu_triton_heuristics.py:1279,not-an-independent-pass
module,event_bench_max_groups,25,tuning-knob,1,live-read,npu_triton_heuristics.py:1284,not-an-independent-pass
module,event_bench_target_ms,8.0,tuning-knob,1,live-read,npu_triton_heuristics.py:1278,not-an-independent-pass
module,pin_xr,None,optional-override,1,live-read,npu_triton_heuristics.py:2367,not-an-independent-pass
module,force_is_a5,None,optional-override,2,live-read,device_props.py:65;device_props.py:66,not-an-independent-pass
module,debug,False,enable-or-debug-gate,1,live-read,__init__.py:37,not-an-independent-pass
module,worker_log_path,'/dev/stdout',tuning-knob,1,live-read,__init__.py:43,not-an-independent-pass
module,triton_debug,False,enable-or-debug-gate,1,live-read,npu_triton_heuristics.py:939,not-an-independent-pass
npu_triton,codegen_upcast_to_fp32,True,codegen-subconfig,1,live-read,codegen/triton.py:970,not-an-independent-pass
module,enable_vf_fusion,False,enable-or-debug-gate,1,live-read,npu_triton_heuristics.py:981,not-an-independent-pass
module,vf_fusion_mode,None,optional-override,1,live-read,npu_triton_heuristics.py:982,not-an-independent-pass
module,vf_merge_level,None,optional-override,1,live-read,npu_triton_heuristics.py:983,not-an-independent-pass
